code,name,close,ma5,pct_above
603137,恒尚节能,17.22,14.36,19.92
000562,宏源证券,30.5,25.66,18.86
600793,宜宾纸业,16.01,13.57,17.98
605189,富春染织,16.05,13.63,17.72
002979,雷赛智能,69.55,59.62,16.66
603286,日盈电子,56.96,49.09,16.03
000908,景峰医药,6.88,5.96,15.4
000576,甘化科工,8.14,7.07,15.13
001317,三羊马,48.43,42.22,14.72
603717,天域生物,7.33,6.39,14.71
002396,星网锐捷,23.4,20.47,14.3
002294,信立泰,40.08,35.1,14.18
603338,浙江鼎力,51.67,45.39,13.84
603638,艾迪精密,27.9,24.65,13.19
002747,埃斯顿,44.77,39.56,13.17
002422,科伦药业,47.98,42.47,12.97
000566,海南海药,6.14,5.44,12.87
603725,天安新材,13.9,12.32,12.81
600988,赤峰黄金,31.23,27.69,12.8
000506,招金黄金,13.87,12.31,12.64
002235,安妮股份,9.31,8.27,12.55
603135,中重科技,14.56,12.94,12.48
605488,福莱新材,34.88,31.04,12.36
000700,模塑科技,17.6,15.69,12.2
002772,众兴菌业,13.88,12.37,12.19
002292,奥飞娱乐,7.73,6.9,12.03
002496,辉丰股份,2.23,1.99,11.84
002072,凯瑞德,9.64,8.62,11.78
603466,风语筑,11.63,10.41,11.7
603667,五洲新春,76.15,68.23,11.61
600449,宁夏建材,13.2,11.83,11.56
601069,西部黄金,25.91,23.27,11.36
000975,山金国际,19.84,17.82,11.32
002020,京新药业,15.19,13.66,11.2
002403,爱仕达,10.71,9.64,11.12
002472,双环传动,47.01,42.34,11.03
002988,豪美新材,25.44,22.92,11
001306,夏厦精密,63.29,57.03,10.97
603051,鹿山新材,21.91,19.77,10.84
601177,杭齿前进,14.31,12.92,10.78
000520,凤凰航运,4.55,4.11,10.76
002196,方正电机,13.99,12.64,10.7
003011,海象新材,20.9,18.9,10.56
603337,杰克科技,42.21,38.18,10.56
603730,岱美股份,13,11.76,10.56
002664,信质集团,19.88,18,10.43
002896,中大力德,85.62,77.59,10.35
600376,首开股份,3.81,3.45,10.31
600592,龙溪股份,16.12,14.62,10.24
600580,卧龙电驱,37.35,33.89,10.21
600641,先导基电,47.51,43.14,10.13
002868,绿康生化,26.28,23.87,10.08
001319,铭科精技,22.9,20.8,10.07
600530,交大昂立,5.7,5.18,10.04
000003,PT金田A,2.71,2.46,9.98
603915,国茂股份,16.03,14.58,9.98
002048,宁波华翔,26.22,23.85,9.93
600784,鲁银投资,7.8,7.1,9.86
002931,锋龙股份,75.34,68.62,9.79
603662,柯力传感,80,72.86,9.79
002615,哈尔斯,7.78,7.09,9.76
002050,三花智控,48.99,44.64,9.73
605068,明新旭腾,19.11,17.43,9.64
603682,锦和商管,8.97,8.18,9.6
002981,朝阳科技,21.47,19.59,9.57
002067,景兴纸业,4.2,3.83,9.55
601689,拓普集团,62.43,56.99,9.55
000536,华映科技,3.98,3.63,9.52
002394,联发股份,10.49,9.59,9.43
603416,信捷电气,60.88,55.63,9.43
603728,鸣志电器,68.02,62.17,9.42
605028,世茂能源,24,21.94,9.41
002771,真视通,13.87,12.68,9.38
001337,四川黄金,41.21,37.69,9.34
000916,华北高速,8.82,8.07,9.27
603178,圣龙股份,15.68,14.35,9.27
002765,蓝黛科技,7.91,7.24,9.19
603518,锦泓集团,8.19,7.5,9.17
603608,天创时尚,25.98,23.8,9.15
603278,大业股份,12.11,11.1,9.14
600546,山煤国际,12.66,11.6,9.1
603596,伯特利,27.65,25.35,9.09
000534,万泽股份,32.01,29.35,9.06
000542,TCL通讯,27.34,25.08,9.03
603165,荣晟环保,14.7,13.49,9
002520,日发精机,7.72,7.08,8.98
605288,凯迪股份,95.18,87.36,8.96
002377,国创高新,2.85,2.62,8.94
003030,祖名股份,23.4,21.48,8.93
002345,潮宏基,10.52,9.66,8.9
003028,振邦智能,24.61,22.6,8.87
000850,华茂股份,4.04,3.71,8.84
600143,金发科技,17.01,15.63,8.82
002249,大洋电机,8.33,7.66,8.8
002148,北纬科技,6.56,6.03,8.79
603119,浙江荣泰,74.81,68.77,8.78
002635,安洁科技,23.36,21.48,8.73
603809,豪能股份,9.82,9.04,8.63
002801,微光股份,31.09,28.62,8.62
002677,浙江美大,6.23,5.74,8.61
002536,飞龙股份,51.96,47.84,8.6
600547,山东黄金,26.08,24.02,8.58
002434,万里扬,6.67,6.14,8.56
600976,健民集团,29.31,27,8.56
002107,沃华医药,6.64,6.12,8.53
603895,天永智能,32.02,29.5,8.53
002031,巨轮智能,6.22,5.73,8.48
605305,中际联合,45.98,42.39,8.48
603790,雅运股份,25.1,23.14,8.47
603013,亚普股份,17.66,16.29,8.42
600489,中金黄金,20.34,18.77,8.39
603798,康普顿,15.22,14.05,8.36
002826,易明医药,18.1,16.71,8.34
000837,秦川机床,12.43,11.47,8.33
601038,一拖股份,11.98,11.06,8.28
002841,视源股份,38.34,35.42,8.25
002623,亚玛顿,17.15,15.85,8.19
600182,S佳通,14.71,13.6,8.19
603583,捷昌驱动,25.34,23.43,8.14
002715,登云股份,14.73,13.62,8.13
603078,江化微,56.26,52.03,8.12
002798,帝欧水华,5.68,5.25,8.11
000678,襄阳轴承,9.59,8.87,8.09
600801,华新建材,18.11,16.76,8.08
600156,华升股份,9.52,8.82,7.99
000559,万向钱潮,14.22,13.17,7.96
600366,宁波韵升,16.83,15.59,7.94
002843,泰嘉股份,23.53,21.82,7.85
600499,科达制造,15.47,14.34,7.85
002997,瑞鹄模具,30.77,28.53,7.84
000951,中国重汽,22.35,20.73,7.83
001268,联合精密,39.4,36.55,7.8
001331,胜通能源,63.49,58.95,7.71
605255,天普股份,74.27,68.96,7.7
603121,华培动力,13.26,12.31,7.68
603180,金牌家居,15.47,14.37,7.67
603615,茶花股份,18.86,17.52,7.62
600783,鲁信创投,22.28,20.71,7.56
001380,华纬科技,17.26,16.05,7.54
002164,宁波东力,12.91,12.01,7.51
002653,海思科,76.47,71.13,7.51
002126,银轮股份,53.21,49.5,7.5
603040,新坐标,71.71,66.72,7.48
002319,乐通股份,11.2,10.42,7.44
002576,通达动力,15.54,14.47,7.42
603009,北特科技,53.34,49.67,7.38
605011,杭州热电,17.39,16.2,7.37
002594,比亚迪,88.47,82.41,7.36
002250,联化科技,15.65,14.58,7.35
002090,金智科技,9.59,8.93,7.34
600601,方正科技,15.12,14.09,7.34
002698,博实股份,13.74,12.8,7.33
600263,路桥建设,16.43,15.31,7.33
603012,创力集团,8.82,8.22,7.33
603538,美诺华,38.81,36.16,7.32
603767,中马传动,15.8,14.72,7.31
603611,诺力股份,18.14,16.91,7.29
600990,四创电子,19.13,17.84,7.25
600841,动力新科,6.71,6.26,7.22
002890,弘宇股份,15.93,14.86,7.19
002029,七匹狼,8.62,8.04,7.16
002284,亚太股份,10.41,9.72,7.14
002892,科力尔,9.96,9.3,7.14
603055,台华新材,8.7,8.13,7.06
603706,东方环宇,19.25,17.98,7.04
000666,经纬纺机,8.97,8.38,7.02
603284,林平发展,39.71,37.1,7.02
002767,先锋电子,18.04,16.86,7
600391,航发科技,35.52,33.2,6.98
600322,津投城开,3.07,2.87,6.97
603219,富佳股份,16.78,15.69,6.97
600493,凤竹纺织,5.87,5.49,6.96
000970,中科三环,16.48,15.41,6.92
600699,均胜电子,23.45,21.94,6.9
605555,德昌股份,13.7,12.82,6.88
002056,横店东磁,32.82,30.71,6.87
601899,紫金矿业,27.82,26.03,6.87
002471,中超控股,6.51,6.09,6.83
002553,南方精工,17.36,16.25,6.82
603863,松炀资源,13.6,12.73,6.82
002860,星帅尔,15.96,14.95,6.74
002923,润都股份,10.9,10.21,6.74
603351,威尔药业,27.66,25.92,6.73
600553,太行水泥,14.98,14.04,6.71
600150,中国船舶,37.15,34.82,6.7
603305,旭升集团,13.03,12.21,6.7
603173,福斯达,38.81,36.38,6.69
603579,荣泰健康,18.88,17.7,6.68
603758,秦安股份,10.23,9.59,6.65
002921,联诚精密,29.95,28.08,6.64
002301,齐心集团,8.09,7.59,6.62
605088,冠盛股份,31.45,29.5,6.62
603626,科森科技,20.73,19.44,6.61
002139,拓邦股份,10.28,9.64,6.59
001228,永泰运,28.6,26.84,6.57
002599,盛通股份,5.58,5.24,6.57
002998,优彩资源,7.46,7,6.57
603233,大参林,17.05,16,6.56
002167,东方锆业,25.04,23.5,6.55
605155,西大门,13.56,12.73,6.54
603713,密尔克卫,79.23,74.39,6.5
600846,同济科技,10.93,10.27,6.47
603179,新泉股份,53.47,50.23,6.46
000887,中鼎股份,19.05,17.9,6.44
002458,益生股份,9.06,8.51,6.44
605222,起帆电缆,25.22,23.69,6.44
002009,天奇股份,21.99,20.67,6.39
600712,南宁百货,5.1,4.79,6.38
002527,新时达,13.95,13.11,6.37
000893,亚钾国际,44.92,42.24,6.35
603223,恒通股份,14.15,13.31,6.34
603190,亚通精工,24.93,23.46,6.27
000024,招商地产,40.5,38.12,6.25
002270,华明装备,20.14,18.96,6.25
601168,西部矿业,29.22,27.5,6.25
603917,合力科技,13.2,12.42,6.25
002283,天润工业,10.24,9.64,6.2
600222,太龙药业,7.91,7.45,6.2
600992,贵绳股份,9.4,8.85,6.19
603759,海天股份,7.7,7.25,6.18
600480,凌云股份,9.2,8.67,6.16
002552,宝鼎科技,65.38,61.59,6.15
603655,朗博科技,31.49,29.67,6.15
603823,百合花,59.88,56.41,6.15
000015,PT中浩A,6.85,6.45,6.14
002742,冀衡医药,3.7,3.49,6.14
603056,德邦股份,18.85,17.76,6.13
603356,华菱精工,18.02,16.98,6.11
603819,神力股份,12.36,11.65,6.11
002392,北京利尔,8.74,8.24,6.09
002755,奥赛康,15.14,14.27,6.08
603768,常青股份,10.02,9.45,6.08
002245,蔚蓝锂芯,20.34,19.18,6.07
002823,凯中精密,15.41,14.53,6.04
603197,保隆科技,30.23,28.51,6.04
603330,天洋新材,8.75,8.25,6.03
002838,道恩股份,34.32,32.37,6.01
601717,中创智领,15.27,14.4,6.01
603211,晋拓股份,35.94,33.91,5.98
002025,航天电器,83.7,78.99,5.96
603266,天龙股份,18.06,17.05,5.95
605007,五洲特纸,14.89,14.05,5.95
605167,利柏特,17.6,16.61,5.95
603109,神驰机电,17.59,16.61,5.93
603320,迪贝电气,19.06,17.99,5.92
603486,科沃斯,54.68,51.62,5.92
603926,铁流股份,19.21,18.14,5.92
603275,众辰科技,41.65,39.34,5.88
600420,国药现代,8.92,8.43,5.86
603131,上海沪工,18.9,17.85,5.86
002313,日海智能,8.12,7.67,5.84
603331,百达精工,11.45,10.82,5.84
002155,湖南黄金,25.93,24.5,5.83
002723,小崧股份,9.57,9.04,5.82
603779,威龙股份,8.25,7.8,5.82
000504,南华生物,7.98,7.54,5.81
002920,德赛西威,86.48,81.74,5.79
603066,音飞储存,10.75,10.16,5.79
603298,杭叉集团,26.27,24.83,5.79
001367,海森药业,20.27,19.16,5.78
002488,金固股份,9.62,9.1,5.76
603901,永创智能,11.65,11.02,5.76
001225,和泰机电,43.45,41.11,5.69
002076,星光股份,2.45,2.32,5.69
600068,葛洲坝,9.93,9.4,5.68
000795,英洛华,9.73,9.21,5.67
601882,海天精工,21.3,20.16,5.64
002933,新兴装备,27.8,26.32,5.63
002982,湘佳股份,12.06,11.42,5.62
600671,天目药业,18.46,17.48,5.61
605598,上海港湾,41.73,39.51,5.61
603666,亿嘉和,30.25,28.65,5.58
000301,东方盛虹,12.55,11.89,5.57
002700,万憬能源,6.68,6.33,5.56
600333,长春燃气,5.49,5.2,5.54
002293,罗莱生活,11.07,10.49,5.53
002563,森马服饰,5.55,5.26,5.51
601369,陕鼓动力,9.05,8.58,5.5
002317,众生药业,27.44,26.01,5.49
600508,上海能源,8.11,7.69,5.49
600562,国睿科技,22.58,21.41,5.46
603726,朗迪集团,35.45,33.62,5.46
603277,银都股份,10.84,10.28,5.43
603686,福龙马,13.89,13.17,5.43
603101,汇嘉时代,6.91,6.56,5.4
605151,西上海,19.27,18.28,5.39
600081,东风科技,9.75,9.25,5.38
603221,爱丽家居,10.71,10.16,5.37
603722,阿科力,39.6,37.58,5.37
600052,东望时代,3.85,3.65,5.36
603829,洛凯股份,17.52,16.63,5.33
000757,浩物股份,3.84,3.65,5.32
600879,航天电子,22.27,21.15,5.32
603969,银龙股份,8.07,7.66,5.32
002737,葵花药业,12.53,11.9,5.31
600272,开开实业,11.12,10.56,5.3
001311,多利科技,17.44,16.56,5.29
002687,乔治白,5.65,5.37,5.29
603035,常熟汽饰,11.43,10.86,5.29
603848,好太太,14.54,13.81,5.29
002793,罗欣药业,4.31,4.09,5.28
605228,神通科技,14.46,13.74,5.26
000407,胜利股份,3.98,3.78,5.24
002468,申通快递,16.31,15.5,5.23
600769,祥龙电业,21.78,20.7,5.23
603665,康隆达,27.75,26.37,5.23
605009,豪悦护理,25.46,24.19,5.23
605186,健麾信息,33.26,31.61,5.23
002651,利君股份,7.92,7.53,5.21
000415,渤海租赁,4.41,4.19,5.2
600885,宏发股份,38.09,36.21,5.2
002061,浙江交科,3.57,3.39,5.19
003007,直真科技,41.44,39.39,5.19
001296,长江材料,20.7,19.68,5.17
603979,金诚信,64.42,61.25,5.17
603577,汇金通,9.86,9.38,5.16
603906,龙蟠科技,29.3,27.87,5.15
000553,安道麦A,5.89,5.6,5.14
003025,思进智能,15.06,14.33,5.12
603903,中持股份,14.15,13.46,5.11
002577,雷柏科技,19.73,18.77,5.1
600331,宏达股份,11.7,11.13,5.1
002154,报喜鸟,3.88,3.69,5.09
002454,松芝股份,5.12,4.87,5.09
002200,交投生态,6.58,6.26,5.08
603669,灵康药业,6.12,5.82,5.08
000565,渝三峡A,6.17,5.87,5.04
002162,悦心健康,3.67,3.49,5.04
002625,光启技术,32.14,30.6,5.04
603048,浙江黎明,19.33,18.4,5.04
000049,德赛电池,24.97,23.77,5.03
001378,德冠新材,19.91,18.96,5.02
603755,日辰股份,24.41,23.24,5.02
603215,比依股份,15,14.28,5.01
605033,美邦股份,18.1,17.24,5.01
000739,普洛药业,18.24,17.37,5
000779,甘咨询,8.4,8,5
600203,福日电子,12.82,12.21,5
605208,永茂泰,16.87,16.07,4.99
002276,万马股份,10.72,10.21,4.97
605116,奥锐特,20.85,19.86,4.97
000410,沈阳机床,5.04,4.8,4.96
002412,汉森制药,6.05,5.76,4.96
002595,豪迈科技,49.55,47.21,4.95
002444,巨星科技,33.2,31.64,4.94
603239,浙江仙通,15.5,14.77,4.94
603087,甘李药业,60.99,58.13,4.93
603939,益丰药房,19.96,19.02,4.92
600215,派斯林,6.25,5.96,4.9
000938,紫光股份,30.28,28.87,4.89
600262,北方股份,21.19,20.2,4.89
002258,利尔化学,13.75,13.11,4.88
603273,天元智能,14.17,13.51,4.87
002911,佛燃能源,10.4,9.92,4.86
601019,山东出版,6.92,6.6,4.82
600916,中国黄金,7.38,7.04,4.8
002265,建设工业,18.49,17.64,4.79
600627,上电股份,28.73,27.42,4.79
600761,安徽合力,17.31,16.52,4.79
605266,健之佳,16.02,15.29,4.79
603698,航天工程,42.25,40.32,4.78
603859,能科科技,52.3,49.92,4.78
605599,菜百股份,14.82,14.14,4.78
600166,福田汽车,3.12,2.98,4.77
002901,大博医疗,45.37,43.31,4.75
600815,厦工股份,2.82,2.69,4.75
603896,寿仙谷,14.15,13.51,4.74
002708,光洋股份,13.69,13.07,4.71
002683,广东宏大,31.03,29.64,4.7
603409,汇通控股,19.69,18.81,4.68
002383,合众思壮,7.21,6.89,4.67
603586,金麒麟,13.44,12.84,4.67
600975,新五丰,4.81,4.6,4.66
603037,凯众股份,10.65,10.18,4.66
603280,南方路机,26.8,25.61,4.66
002600,领益智造,18.02,17.22,4.65
603677,奇精机械,13.65,13.04,4.65
603988,中电电机,17.6,16.82,4.64
002173,创新医疗,18.39,17.58,4.62
002670,国盛证券,12.37,11.82,4.62
600685,中船防务,27.07,25.87,4.62
603613,国联股份,19.64,18.77,4.62
000549,S湘火炬,8.9,8.51,4.61
600205,S山东铝,25.41,24.29,4.61
605333,沪光股份,18.05,17.25,4.61
600835,上海机电,21.83,20.87,4.6
000426,兴业银锡,35.34,33.79,4.59
000790,华神科技,3.83,3.66,4.59
002039,黔源电力,20.48,19.58,4.59
002420,毅昌科技,5.79,5.54,4.59
002437,誉衡药业,2.96,2.83,4.59
600764,中国海防,18.74,17.92,4.59
002738,中矿资源,64.26,61.45,4.57
001230,劲旅环境,16.59,15.87,4.56
002248,华东数控,9.52,9.11,4.55
001333,光华股份,19.94,19.07,4.54
002347,泰尔股份,6.19,5.92,4.53
603786,科博达,44.28,42.36,4.53
001872,招商港口,20.85,19.95,4.51
002234,民和股份,7.09,6.78,4.51
000408,藏格矿业,73.35,70.19,4.5
002497,雅化集团,21.87,20.93,4.5
603630,拉芳家化,14.06,13.45,4.5
603960,克来机电,18.38,17.59,4.5
600066,宇通客车,28.9,27.66,4.49
600379,宝光股份,15.63,14.96,4.49
600296,S兰铝,14.61,13.98,4.48
002775,文科股份,3.69,3.53,4.47
002686,亿利达,5.48,5.25,4.46
600212,绿能慧充,5.53,5.29,4.46
600710,苏美达,10.27,9.83,4.45
600279,重庆港,3.95,3.78,4.44
603117,万林物流,3.62,3.47,4.44
603257,中国瑞林,84,80.43,4.44
002086,东方海洋,1.79,1.71,4.43
002329,皇氏集团,2.97,2.84,4.43
002593,日上集团,4.24,4.06,4.43
603966,法兰泰克,8.68,8.31,4.43
603609,禾丰股份,6.33,6.06,4.42
603676,卫信康,8.81,8.44,4.41
000816,智慧农业,2.47,2.37,4.4
600110,诺德股份,15.75,15.09,4.4
600148,长春一东,15.52,14.87,4.4
002535,林州重机,2.38,2.28,4.39
002703,浙江世宝,15.08,14.45,4.39
603370,华新精科,38.28,36.67,4.39
002880,卫光生物,21.55,20.65,4.37
601058,赛轮轮胎,12.28,11.77,4.37
600872,中炬高新,18.8,18.01,4.36
603086,先达股份,5.6,5.37,4.36
000848,承德露露,7.99,7.66,4.34
600513,联环药业,15.9,15.24,4.34
002233,塔牌集团,7.52,7.21,4.33
600582,天地科技,4.72,4.52,4.33
000856,冀东装备,7.68,7.36,4.32
003009,中天火箭,62.52,59.93,4.32
603983,丸美生物,29.16,27.96,4.31
003033,征和工业,59.89,57.42,4.3
002286,保龄宝,8.81,8.45,4.29
002406,远东传动,6.95,6.66,4.29
601002,晋亿实业,4.57,4.38,4.29
600439,瑞贝卡,2.24,2.15,4.28
603327,福蓉科技,8.86,8.5,4.28
603871,嘉友国际,11.11,10.65,4.28
002327,富安娜,6.45,6.19,4.27
600829,人民同泰,8.4,8.06,4.27
000421,南京公用,5.33,5.11,4.26
002780,三夫户外,13.12,12.58,4.26
603998,方盛制药,9.73,9.33,4.26
000570,苏常柴A,5,4.8,4.25
001260,坤泰股份,16.83,16.14,4.25
002006,精工科技,15.86,15.21,4.25
002829,星网宇达,18.39,17.64,4.25
605169,洪通燃气,9.49,9.1,4.24
000028,国药一致,20.36,19.53,4.23
001288,运机集团,25.36,24.33,4.23
002391,长青股份,5.27,5.06,4.23
601956,东贝集团,4.98,4.78,4.23
603456,九洲药业,14.64,14.05,4.23
603558,健盛集团,11.92,11.44,4.23
600833,第一医药,9.77,9.37,4.22
605050,福然德,9.98,9.58,4.22
002266,浙富控股,5.3,5.09,4.21
600252,中恒集团,1.93,1.85,4.21
600031,三一重工,18.56,17.81,4.2
600933,爱柯迪,15.39,14.77,4.2
600039,四川路桥,8.45,8.11,4.19
601969,海南矿业,8.66,8.31,4.19
603229,奥翔药业,8.46,8.12,4.19
601156,东航物流,17.8,17.09,4.18
603089,正裕工业,8.93,8.57,4.18
001324,长青科技,19.95,19.15,4.17
002895,川恒股份,31.7,30.43,4.17
600686,金龙汽车,12.28,11.79,4.17
001325,元创股份,38.17,36.64,4.16
600099,林海股份,8.61,8.27,4.16
603319,美湖股份,34.5,33.12,4.16
000937,冀中能源,4.27,4.1,4.15
002117,东港股份,8.29,7.96,4.15
002973,侨银股份,10.99,10.55,4.15
002786,银宝山新,8.15,7.83,4.14
600236,桂冠电力,9.54,9.16,4.13
603344,星德胜,25.31,24.31,4.13
603967,中创物流,11.29,10.84,4.13
002493,荣盛石化,11.68,11.22,4.12
002676,顺威股份,5.33,5.12,4.1
002906,华阳集团,26.48,25.44,4.1
600428,中远海特,8.63,8.29,4.1
605138,盛泰集团,5.99,5.75,4.1
000518,四环生物,3.46,3.32,4.09
600295,鄂尔多斯,11.65,11.19,4.09
000514,渝开发,3.83,3.68,4.08
002763,汇洁股份,7.3,7.01,4.08
600771,广誉远,14.13,13.58,4.08
603028,赛福天,6.94,6.67,4.08
603081,大丰实业,9.18,8.82,4.08
000528,柳工,8.16,7.84,4.06
603238,诺邦股份,11.88,11.42,4.06
600388,龙净环保,15.51,14.91,4.05
603214,爱婴室,13.05,12.54,4.05
603387,基蛋生物,8.27,7.95,4.05
002333,罗普斯金,4.95,4.76,4.04
002753,永东股份,6.04,5.81,4.03
002768,国恩股份,54.6,52.48,4.03
600645,中源协和,18.55,17.83,4.03
600997,开滦股份,5.16,4.96,4.03
603309,维力医疗,12.12,11.65,4.03
603551,奥普科技,9.5,9.13,4.03
603707,健友股份,7.64,7.34,4.03
002402,和而泰,26.86,25.82,4.02
600817,宇通重工,9.31,8.95,4.02
605055,迎丰股份,10.98,10.56,4.02
002681,奋达科技,4.72,4.54,4.01
600615,鑫源智造,9.86,9.48,4.01
600845,宝信软件,18.25,17.55,4.01
603590,康辰药业,31.71,30.49,4.01
603680,今创集团,10.48,10.08,4.01
002275,桂林三金,13.17,12.66,4
603116,红蜻蜓,6.08,5.85,4
603192,汇得科技,18.01,17.32,4
002955,鸿合科技,37.15,35.72,3.99
601890,亚星锚链,8.61,8.28,3.99
603080,新疆火炬,19.86,19.1,3.99
603365,水星家纺,16.98,16.33,3.97
000026,飞亚达,21.89,21.06,3.96
002790,瑞尔特,5.72,5.5,3.96
002693,双成药业,10.22,9.83,3.95
603162,海通发展,9.63,9.26,3.95
601598,中国外运,5.33,5.13,3.94
603289,泰瑞机器,8.5,8.18,3.94
002150,正泰电源,26.9,25.88,3.93
002917,金奥博,11.17,10.75,3.93
002688,金河生物,5.04,4.85,3.92
605086,龙高股份,26.39,25.39,3.92
600694,大商股份,14.15,13.62,3.91
603045,福达合金,75.9,73.04,3.91
002935,天奥电子,23.2,22.33,3.9
002940,昂利康,29.34,28.24,3.9
601881,中国银河,13.44,12.94,3.9
601991,大唐发电,7.67,7.38,3.9
600681,百川能源,3.42,3.29,3.89
600375,汉马科技,3.91,3.76,3.88
600862,中航高科,18.7,18,3.87
002146,荣盛发展,1.13,1.09,3.86
603153,上海建科,13.45,12.95,3.86
603933,睿能科技,23.65,22.77,3.86
002202,金风科技,24.59,23.68,3.85
002529,海源复材,7.28,7.01,3.85
600557,康缘药业,12.72,12.25,3.85
603367,辰欣药业,14.01,13.49,3.85
000755,山西高速,4.54,4.37,3.84
600216,浙江医药,12.29,11.84,3.84
000736,中交发展,3.96,3.81,3.83
603198,迎驾贡酒,31.58,30.42,3.83
002397,梦洁股份,4.08,3.93,3.82
002524,光正眼科,3.64,3.51,3.82
600356,恒丰纸业,7.99,7.7,3.82
603325,博隆技术,56.13,54.07,3.82
000529,广弘控股,4.63,4.46,3.81
001395,亚联机械,24.6,23.7,3.81
002873,新天药业,7.9,7.61,3.81
600521,华海药业,15.41,14.84,3.81
603900,莱绅通灵,6.05,5.83,3.81
600635,大众公用,4.54,4.37,3.8
002232,启明信息,14.86,14.32,3.79
600738,丽尚国潮,3.83,3.69,3.79
601566,九牧王,8.7,8.38,3.79
001256,炜冈科技,29.73,28.65,3.78
600351,亚宝药业,6.2,5.97,3.78
601606,长城军工,29.18,28.12,3.78
002863,今飞凯达,4.51,4.35,3.77
600329,达仁堂,39.97,38.52,3.77
603332,苏州龙杰,10.85,10.46,3.77
603506,南都物业,10.12,9.75,3.77
603587,地素时尚,11.84,11.41,3.77
001219,青岛食品,12.26,11.82,3.76
002550,千红制药,6.84,6.59,3.76
603029,天鹅股份,15.05,14.5,3.76
603231,索宝蛋白,15.79,15.22,3.76
600873,梅花生物,7.91,7.62,3.75
601101,昊华能源,11.4,10.99,3.75
603073,彩蝶实业,15.9,15.33,3.75
002264,新华都,6.04,5.82,3.74
600360,华微电子,14.96,14.42,3.74
601500,通用股份,3.88,3.74,3.74
002064,华峰化学,10.45,10.07,3.73
002976,瑞玛精密,26.9,25.94,3.72
001365,天海电子,42.38,40.86,3.71
002889,东方嘉盛,11.28,10.88,3.71
600613,神奇制药,4.81,4.64,3.71
603043,广州酒家,13.32,12.84,3.71
000558,天府文旅,3.36,3.24,3.7
000798,中水渔业,7.52,7.25,3.7
001234,泰慕士,20.95,20.2,3.7
603291,联合水务,8.47,8.17,3.7
603685,晨丰科技,29.41,28.36,3.7
001202,炬申股份,14.32,13.81,3.69
002773,康弘药业,22.34,21.54,3.69
603059,倍加洁,25.76,24.84,3.69
603787,新日股份,9.66,9.32,3.69
000581,威孚高科,17.96,17.32,3.68
002123,梦网科技,7.95,7.67,3.68
002877,智能自控,7.43,7.17,3.68
600123,兰花科创,5.74,5.54,3.68
600632,华联商厦,9.53,9.19,3.68
001326,联域股份,62.39,60.18,3.67
002526,山东矿机,2.71,2.61,3.67
600350,山东高速,11.87,11.45,3.67
002363,隆基机械,6.34,6.12,3.66
002811,郑中设计,11.86,11.44,3.65
600548,深高速,8.68,8.37,3.65
603348,文灿股份,14.18,13.68,3.65
600860,京城股份,8.71,8.4,3.64
600433,冠豪高新,3.37,3.25,3.63
600969,郴电国际,8.04,7.76,3.63
603276,恒兴新材,16.22,15.65,3.63
603766,隆鑫通用,12.86,12.41,3.63
000338,潍柴动力,28.14,27.16,3.62
002985,北摩高科,28.38,27.39,3.62
002389,航天彩虹,18.41,17.77,3.61
600765,中航重机,13.59,13.12,3.61
001208,华菱线缆,14.74,14.23,3.6
002848,高斯贝尔,14.37,13.87,3.6
600118,中国卫星,86.3,83.3,3.6
600137,浪莎股份,17.4,16.8,3.6
600893,航发动力,39.31,37.94,3.6
600925,苏能股份,4.26,4.11,3.6
603161,科华控股,14.17,13.68,3.6
603228,景旺电子,71.97,69.47,3.6
002337,赛象科技,4.67,4.51,3.59
002465,海格通信,13,12.55,3.59
600129,太极集团,14.09,13.6,3.59
605287,德才股份,44.19,42.66,3.59
605500,森林包装,6.58,6.35,3.59
603970,中农立华,10.31,9.95,3.58
000901,航天科技,18.29,17.66,3.57
600358,国旅联合,5.45,5.26,3.57
002343,慈文传媒,4.65,4.49,3.56
603987,康德莱,7.38,7.13,3.56
605008,长鸿高科,11.8,11.39,3.56
600501,航天晨光,16.33,15.77,3.55
601008,连云港,4.26,4.11,3.55
601965,中国汽研,12.54,12.11,3.55
002287,奇正藏药,20.2,19.51,3.54
600051,宁波联合,6.03,5.82,3.54
600612,老凤祥,34.13,32.96,3.54
605056,咸亨国际,16.56,15.99,3.54
600335,国机汽车,4.98,4.81,3.53
600400,红豆股份,3.46,3.34,3.53
603112,华翔股份,17.31,16.72,3.53
603237,五芳斋,13.2,12.75,3.53
603511,爱慕股份,12.27,11.85,3.53
600149,廊坊发展,4.76,4.6,3.52
600774,汉商集团,6.76,6.53,3.52
603937,丽岛新材,14.69,14.19,3.52
000153,丰原药业,5.43,5.25,3.51
603321,梅轮电梯,6.08,5.87,3.51
603982,泉峰汽车,5.9,5.7,3.51
605001,威奥股份,5.78,5.58,3.51
002517,恺英网络,16.92,16.35,3.5
002882,金龙羽,19.6,18.94,3.5
600980,北矿科技,19.72,19.05,3.5
603867,新化股份,37.19,35.93,3.5
000983,山西焦煤,6.23,6.02,3.49
002128,电投能源,24.55,23.72,3.49
002971,和远气体,71.54,69.13,3.49
000717,中南股份,2.2,2.13,3.48
002766,索菱股份,3.75,3.62,3.48
603032,德新科技,27.6,26.67,3.48
603209,兴通股份,13.32,12.87,3.48
603948,建业股份,26.26,25.38,3.48
002038,双鹭药业,6.39,6.18,3.47
002792,通宇通讯,36.64,35.41,3.47
601608,中信重工,4.95,4.78,3.47
603329,上海雅仕,9.55,9.23,3.47
002551,尚荣医疗,2.87,2.77,3.46
002629,仁智股份,4.67,4.51,3.46
002881,美格智能,38.72,37.43,3.46
002887,绿茵生态,10.76,10.4,3.46
603648,畅联股份,9.15,8.84,3.46
603877,太平鸟,12.75,12.32,3.46
002867,周大生,11.98,11.58,3.45
002900,哈三联,9.95,9.62,3.45
001218,丽臣实业,24.12,23.32,3.44
002510,天汽模,5.78,5.59,3.44
002590,万安科技,10.39,10.04,3.44
603908,牧高笛,18.05,17.45,3.44
605018,长华集团,14.92,14.42,3.44
000650,仁和药业,5.37,5.19,3.43
002949,华阳国际,10.5,10.15,3.43
603187,海容冷链,12.17,11.77,3.43
000601,韶能股份,6.6,6.38,3.42
000950,重药控股,5.32,5.14,3.42
002215,诺普信,8.83,8.54,3.42
002495,佳隆股份,2.18,2.11,3.42
600167,联美控股,5.81,5.62,3.42
600363,联创光电,36.81,35.59,3.42
603880,南卫股份,7.63,7.38,3.42
002111,威海广泰,9.39,9.08,3.41
002494,华斯股份,4.73,4.57,3.41
600967,内蒙一机,11.34,10.97,3.41
603014,威高血净,35.98,34.79,3.41
603658,安图生物,31.02,30,3.41
002611,东方精工,18.18,17.58,3.4
000571,新大洲A,6.84,6.62,3.39
600316,洪都航空,29.24,28.28,3.39
001387,雪祺电气,13.38,12.94,3.38
002209,达意隆,10.94,10.58,3.38
002244,滨江集团,8.01,7.75,3.38
002572,索菲亚,7.9,7.64,3.38
600482,中国动力,33.59,32.49,3.38
600855,航天长峰,14.56,14.08,3.38
601698,中国卫通,31.25,30.23,3.38
603096,新经典,14.21,13.75,3.38
002085,万丰奥威,11.47,11.1,3.37
002548,金新农,4.05,3.92,3.37
603833,欧派家居,32.32,31.27,3.37
001368,通达创智,21.62,20.92,3.36
600348,华阳股份,8.18,7.91,3.36
600936,北投科技,4.55,4.4,3.36
603182,嘉华股份,12.19,11.79,3.36
002026,山东威达,11.3,10.93,3.35
601628,中国人寿,38.66,37.41,3.35
603815,交建股份,5.55,5.37,3.35
002073,软控股份,5.44,5.26,3.34
002532,天山铝业,11.37,11,3.34
002705,新宝股份,11.62,11.24,3.34
600673,东阳光,36.25,35.08,3.34
603168,莎普爱思,5.08,4.92,3.34
600603,广汇物流,4.59,4.44,3.33
601089,福元医药,17.58,17.01,3.33
601619,嘉泽新能,4.41,4.27,3.33
603172,万丰股份,17.6,17.03,3.33
603317,天味食品,14.04,13.59,3.33
000710,贝瑞基因,8.03,7.77,3.32
000978,桂林旅游,5.54,5.36,3.32
002381,双箭股份,5.47,5.29,3.32
002724,海洋王,5.1,4.94,3.32
003020,立方制药,16.25,15.73,3.32
600201,生物股份,12.31,11.91,3.32
605118,力鼎光电,36.16,35,3.32
601162,天风证券,3.68,3.56,3.31
603369,今世缘,25.09,24.29,3.31
002328,新朋股份,7.7,7.45,3.3
002523,天桥起重,3.13,3.03,3.3
600503,华丽家族,2.13,2.06,3.3
603689,皖天然气,7.33,7.1,3.3
603839,安正时尚,6.14,5.94,3.3
002483,润邦股份,5.15,4.99,3.29
600490,鹏欣资源,6.28,6.08,3.29
600594,益佰制药,3.2,3.1,3.29
603107,上海汽配,11.94,11.56,3.29
000557,西部创业,3.65,3.53,3.28
600561,江西长运,5.29,5.12,3.28
600617,国新能源,2.84,2.75,3.27
605398,新炬网络,20.65,20,3.27
002022,科华生物,4.88,4.73,3.26
002779,中坚科技,81.66,79.08,3.26
600217,中再资环,2.98,2.89,3.26
600523,贵航股份,11.2,10.85,3.26
600661,昂立教育,7.54,7.3,3.26
600987,航民股份,6.47,6.27,3.26
000738,航发控制,18.75,18.16,3.25
001255,博菲电气,26.54,25.7,3.25
002322,理工能科,10.18,9.86,3.25
603391,力聚热能,56.79,55,3.25
000030,富奥股份,4.09,3.96,3.23
000702,正虹科技,5.3,5.13,3.23
002959,小熊电器,33.37,32.33,3.23
600371,万向德农,6.71,6.5,3.23
600419,天润乳业,8,7.75,3.23
603102,百合股份,33.6,32.55,3.23
002879,长缆科技,13.79,13.36,3.22
603261,立航科技,51.29,49.69,3.22
002321,华英农业,1.8,1.74,3.21
002423,中粮资本,9,8.72,3.21
002589,瑞康医药,2.64,2.56,3.21
600452,涪陵电力,9.71,9.41,3.21
603322,超讯科技,29.61,28.69,3.21
002159,三特索道,13.21,12.8,3.2
002612,朗姿股份,11.92,11.55,3.2
002953,日丰股份,9.15,8.87,3.2
600372,中航机载,11.24,10.89,3.2
600689,上海三毛,10.33,10.01,3.2
603202,天有为,51.95,50.34,3.2
603788,宁波高发,14.31,13.87,3.2
000561,烽火电子,7.64,7.4,3.19
001209,洪兴股份,16.9,16.38,3.19
002661,克明食品,7.37,7.14,3.19
600408,安泰集团,2.52,2.44,3.19
600812,华北制药,4.59,4.45,3.19
603567,珍宝岛,4.79,4.64,3.19
000788,北大医药,5.25,5.09,3.18
001238,浙江正特,28.33,27.46,3.18
002716,湖南白银,8.44,8.18,3.18
600983,惠而浦,7.39,7.16,3.18
603285,键邦股份,46.52,45.09,3.18
002299,圣农发展,16.33,15.83,3.17
002727,一心堂,10.36,10.04,3.17
002820,桂发祥,8.91,8.64,3.17
600299,安迪苏,8.47,8.21,3.17
601609,金田股份,11.43,11.08,3.16
603808,歌力思,8.02,7.77,3.16
000990,诚志股份,8.85,8.58,3.15
001231,农心科技,19.25,18.66,3.15
001382,新亚电缆,16.39,15.89,3.15
002644,佛慈制药,7.33,7.11,3.15
600233,圆通速递,17.2,16.67,3.15
600398,海澜之家,5.56,5.39,3.15
603976,正川股份,29,28.11,3.15
002267,陕天然气,6.89,6.68,3.14
600644,乐山电力,8.47,8.21,3.14
002425,凯撒文化,2.77,2.69,3.13
600405,动力源,4.61,4.47,3.13
603132,金徽股份,16.53,16.03,3.13
002446,盛路通信,11.09,10.75,3.12
600463,空港股份,8.07,7.83,3.12
603860,中公高科,25.37,24.6,3.12
605567,春雪食品,8.54,8.28,3.12
002393,力生制药,15.1,14.64,3.11
003008,开普检测,18.04,17.5,3.11
603118,共进股份,12.2,11.83,3.11
605080,浙江自然,20.37,19.76,3.11
002351,漫步者,9.51,9.22,3.1
605286,同力天启,27.19,26.37,3.1
000957,中通客车,9.86,9.56,3.09
603025,大豪科技,14.06,13.64,3.09
000526,学大教育,27.46,26.64,3.08
002296,辉煌科技,9.24,8.96,3.08
600496,精工钢构,3.28,3.18,3.08
603390,通达电气,10.9,10.57,3.08
002965,祥鑫科技,52.6,51.03,3.07
603053,成都燃气,8.87,8.61,3.07
603777,来伊份,16.44,15.95,3.07
002278,神开股份,7.95,7.71,3.06
002633,申科股份,15.77,15.3,3.06
002695,煌上煌,10.57,10.26,3.06
600711,盛屯矿业,11.46,11.12,3.06
601366,利群股份,3.44,3.34,3.06
603639,海利尔,10.57,10.26,3.06
000705,浙江震元,6.28,6.09,3.05
600415,小商品城,10.62,10.31,3.05
600998,九州通,4.94,4.79,3.05
605179,一鸣食品,13.37,12.97,3.05
002316,亚联发展,4.27,4.14,3.04
600327,大东方,3.32,3.22,3.04
601211,国泰海通,19.37,18.8,3.04
603739,蔚蓝生物,12.35,11.99,3.04
002115,三维通信,10.69,10.38,3.03
002746,仙坛股份,5.44,5.28,3.03
003003,天元股份,10.55,10.24,3.03
002098,浔兴股份,6.76,6.56,3.02
002479,富春环保,4.44,4.31,3.02
600285,羚锐制药,20.73,20.12,3.02
600336,澳柯玛,6.55,6.36,3.02
600778,友好集团,5.18,5.03,3.02
603889,新澳股份,5.39,5.23,3.02
000096,广聚能源,7.32,7.11,3.01
002172,澳洋健康,3.01,2.92,3.01
002721,金一文化,2.33,2.26,3.01
002905,金逸影视,7.18,6.97,3.01
603535,嘉诚国际,6.36,6.17,3.01
001221,悍高集团,41.91,40.69,3
001279,强邦新材,27.98,27.16,3
002557,洽洽食品,19.34,18.78,3
002566,益盛药业,6.45,6.26,3
002760,凤形股份,17.1,16.6,3
601666,平煤股份,7.83,7.6,3
603633,徕木股份,7.13,6.92,3
002486,嘉麟杰,2.27,2.2,2.99
600202,哈空调,4.75,4.61,2.99
600560,金自天正,11.57,11.23,2.99
603271,永杰新材,46.05,44.71,2.99
603696,安记食品,12.18,11.83,2.99
603797,联泰环保,3.99,3.87,2.99
000589,贵州轮胎,4.28,4.16,2.98
002043,兔宝宝,11.55,11.22,2.98
002817,黄山胶囊,6.23,6.05,2.98
600223,福瑞达,5.32,5.17,2.98
605337,李子园,8.7,8.45,2.98
000401,金隅冀东,3.54,3.44,2.97
000628,高新发展,49.17,47.75,2.97
001222,源飞宠物,13.96,13.56,2.97
603183,建研院,3.75,3.64,2.97
002105,信隆健康,5.21,5.06,2.96
002388,新亚制程,5.43,5.27,2.96
002761,浙江建投,6.95,6.75,2.96
600826,兰生股份,9.52,9.25,2.96
601333,广深铁路,2.92,2.84,2.96
603566,普莱柯,10.45,10.15,2.96
000910,大亚圣象,5.37,5.22,2.95
000963,华东医药,30.05,29.19,2.95
002252,上海莱士,4.61,4.48,2.95
002813,路畅科技,19.95,19.38,2.95
600380,健康元,10.04,9.75,2.95
603070,万控智造,12.98,12.61,2.95
603216,梦天家居,21.57,20.95,2.95
603368,柳药集团,15.58,15.13,2.95
603382,海阳科技,17.91,17.4,2.95
001358,兴欣新材,27.2,26.42,2.94
002019,亿帆医药,10.03,9.74,2.94
603038,华立股份,15.9,15.45,2.94
603120,肯特催化,57.27,55.64,2.94
603515,欧普照明,17.1,16.61,2.94
002224,三力士,3.44,3.34,2.93
002919,名臣健康,20.05,19.48,2.92
002942,新农股份,15.1,14.67,2.92
600488,津药药业,5.22,5.07,2.92
603817,海峡环保,5.42,5.27,2.92
000603,盛达资源,24.42,23.73,2.91
002533,金杯电工,11.03,10.72,2.91
002788,鹭燕医药,10.82,10.51,2.91
601918,新集能源,9.18,8.92,2.91
603111,康尼机电,5.95,5.78,2.91
603352,至信股份,27.22,26.45,2.9
603508,思维列控,22.2,21.57,2.9
001285,瑞立科密,43.05,41.84,2.89
002399,海普瑞,9.55,9.28,2.89
002960,青鸟智控,8.76,8.51,2.89
600287,苏豪时尚,4.63,4.5,2.89
603095,越剑智能,14.75,14.34,2.89
002616,长青集团,4.65,4.52,2.88
003001,中岩大地,13.73,13.35,2.88
600724,宁波富达,5.5,5.35,2.88
600831,广电网络,3.14,3.05,2.88
000548,湖南投资,4.3,4.18,2.87
002937,兴瑞科技,45.67,44.4,2.87
003012,东鹏控股,4.59,4.46,2.87
603018,华设集团,5.37,5.22,2.87
603385,惠达卫浴,5.16,5.02,2.87
603556,海兴电力,22.9,22.26,2.87
002210,飞马国际,2.23,2.17,2.86
600195,中牧股份,6.25,6.08,2.86
600332,白云山,21.19,20.6,2.86
600866,星湖科技,4.67,4.54,2.86
603079,圣达生物,12,11.67,2.86
605158,华达新材,6.77,6.58,2.86
000418,小天鹅A,57.39,55.8,2.85
002743,富煌钢构,4.11,4,2.85
002836,新宏泽,9.82,9.55,2.85
603041,美思德,10.82,10.52,2.85
603049,中策橡胶,46.65,45.36,2.85
605389,长龄液压,99.52,96.76,2.85
002722,物产金轮,12.4,12.06,2.84
601615,明阳智能,11.8,11.47,2.84
001323,慕思股份,16.8,16.34,2.83
001356,富岭股份,8.66,8.42,2.83
002153,石基信息,7.57,7.36,2.83
002941,新疆交建,9.9,9.63,2.83
001379,腾达科技,16.36,15.91,2.82
002032,苏泊尔,42.04,40.89,2.82
002622,皓宸医疗,2.19,2.13,2.82
600038,中直股份,26.21,25.49,2.82
600968,海油发展,3.5,3.4,2.82
000582,北部湾港,11.26,10.95,2.81
003042,中农联合,12.82,12.47,2.81
600901,江苏金租,6.14,5.97,2.81
603088,宁波精达,10.24,9.96,2.81
605259,绿田机械,18.5,17.99,2.81
000868,安凯客车,3.45,3.36,2.8
000989,九芝堂,8.31,8.08,2.8
001299,美能能源,10.43,10.15,2.8
002967,广电计量,19.1,18.58,2.8
601919,中远海控,13.72,13.35,2.8
002852,道道全,7.51,7.31,2.79
601801,皖新传媒,5.16,5.02,2.79
603006,联明股份,14.82,14.42,2.79
603489,八方股份,29.19,28.4,2.79
603993,洛阳钼业,18.52,18.02,2.79
000999,华润三九,24.03,23.38,2.78
002365,永安药业,10.88,10.59,2.78
600318,新力金融,6.36,6.19,2.78
600794,保税科技,3.03,2.95,2.78
601966,玲珑轮胎,10.74,10.45,2.78
001236,弘业期货,7.34,7.14,2.77
002242,九阳股份,8.31,8.09,2.77
002492,恒基达鑫,5.64,5.49,2.77
603600,永艺股份,9.41,9.16,2.77
000419,通程控股,4.77,4.64,2.76
001283,豪鹏科技,50.8,49.44,2.76
002188,中天服务,5.14,5,2.76
002247,聚力文化,2.23,2.17,2.76
600650,锦江在线,10.13,9.86,2.76
600822,上海物贸,8.03,7.81,2.76
601368,绿城水务,4.32,4.2,2.76
603057,紫燕食品,23.66,23.02,2.76
603098,森特股份,10.84,10.55,2.75
000663,永安林业,5.39,5.25,2.74
001220,世盟股份,29.74,28.95,2.74
002380,科远智慧,35.52,34.57,2.74
600444,国机通用,13.57,13.21,2.74
600825,新华传媒,4.87,4.74,2.74
600834,申通地铁,6.91,6.73,2.74
603307,扬州金泉,24.65,23.99,2.74
002559,亚威股份,14.24,13.86,2.73
002573,清新环境,3.09,3.01,2.73
603606,东方电缆,43.75,42.59,2.73
603909,建发合诚,9.03,8.79,2.73
605003,众望布艺,22.06,21.47,2.73
000716,黑芝麻,4.3,4.19,2.72
000819,岳阳兴长,11.92,11.6,2.72
605268,王力安防,9.44,9.19,2.72
000981,山子高科,2.96,2.88,2.71
600518,康美药业,1.29,1.26,2.71
603392,万泰生物,28.62,27.86,2.71
002205,国统股份,10.5,10.22,2.7
002452,长高电气,12.93,12.59,2.7
002659,凯文教育,3.96,3.86,2.7
603151,邦基科技,11.65,11.34,2.7
603585,苏利股份,14.38,14,2.7
002564,天沃科技,4.5,4.38,2.69
003037,三和管桩,5.73,5.58,2.69
600386,北巴传媒,3.28,3.19,2.69
600731,湖南海利,5.43,5.29,2.69
600802,福建水泥,4.35,4.24,2.69
603882,金域医学,23.86,23.23,2.69
000554,泰山石油,5.89,5.74,2.68
000593,德龙汇能,22.42,21.83,2.68
002269,美邦服饰,1.38,1.34,2.68
002540,亚太科技,4.91,4.78,2.68
002835,同为股份,12.03,11.72,2.68
603293,埃泰克,41.95,40.85,2.68
002133,广宇集团,2.54,2.47,2.67
600055,万东医疗,10.85,10.57,2.67
600173,卧龙新能,6.16,6,2.67
605136,丽人丽妆,7.45,7.26,2.67
605368,蓝天燃气,6.39,6.22,2.67
001366,播恩集团,11.58,11.28,2.66
002441,众业达,8.1,7.89,2.66
003032,传智教育,5.41,5.27,2.66
600256,广汇能源,5.18,5.05,2.66
601311,骆驼股份,8.17,7.96,2.66
603408,建霖家居,10.18,9.92,2.66
000411,英特集团,9.54,9.29,2.65
000521,长虹美菱,5.88,5.73,2.65
603193,润本股份,19.47,18.97,2.65
002545,东方铁塔,17.42,16.97,2.64
002696,百洋股份,5.36,5.22,2.64
600648,外高桥,8.47,8.25,2.64
603108,润达医疗,9.5,9.26,2.64
001277,速达股份,28.89,28.15,2.63
600062,华润双鹤,17.07,16.63,2.63
600854,春兰股份,4.29,4.18,2.63
605365,立达信,14.77,14.39,2.63
000919,金陵药业,6.18,6.02,2.62
600977,中国电影,13.85,13.5,2.62
605162,新中港,8,7.8,2.62
002144,宏达高科,10.36,10.1,2.61
603530,神马电力,51.7,50.38,2.61
002376,新北洋,5.92,5.77,2.6
603050,科林电气,20.63,20.11,2.6
603350,安乃达,32.32,31.5,2.6
000597,东北制药,4.51,4.4,2.59
000906,浙商中拓,5.3,5.17,2.59
600269,赣粤高速,4.2,4.09,2.59
603326,我乐家居,6.5,6.34,2.59
002752,昇兴股份,5.89,5.74,2.58
600028,中国石化,4.7,4.58,2.58
600929,雪天盐业,4.78,4.66,2.58
000933,神火股份,22.06,21.51,2.57
002262,恩华药业,19.98,19.48,2.57
002690,美亚光电,14.78,14.41,2.57
600456,宝钛股份,28.07,27.37,2.57
603017,中衡设计,10.3,10.04,2.57
603310,巍华新材,15.8,15.4,2.57
603818,曲美家居,3.19,3.11,2.57
000967,盈峰环境,10.48,10.22,2.56
002582,好想你,8.97,8.75,2.56
002862,实丰文化,13.31,12.98,2.56
600250,南京商旅,8.1,7.9,2.56
000089,深圳机场,6.36,6.2,2.55
001336,楚环科技,22.9,22.33,2.55
001338,永顺泰,8.85,8.63,2.55
002884,凌霄泵业,15.84,15.45,2.55
600598,北大荒,11.35,11.07,2.55
000590,古汉医药,8.65,8.44,2.54
000680,山推股份,10.32,10.06,2.54
002864,盘龙药业,27.4,26.72,2.54
600218,全柴动力,7.51,7.32,2.54
600448,华纺股份,2.66,2.59,2.54
600526,菲达环保,4.28,4.17,2.54
002697,红旗连锁,4.38,4.27,2.53
600535,天士力,14,13.65,2.53
603235,天新药业,23.34,22.76,2.53
000059,华锦股份,4.07,3.97,2.52
002490,山东墨龙,6.66,6.5,2.52
603128,华贸物流,5.28,5.15,2.52
002574,明牌珠宝,4.33,4.22,2.51
000159,国际实业,5.57,5.43,2.5
001376,百通能源,10.81,10.55,2.5
002671,龙泉股份,3.85,3.76,2.5
003016,欣贺股份,6.48,6.32,2.5
600097,开创国际,8.21,8.01,2.5
603505,金石资源,22.14,21.6,2.5
000985,大庆华科,14.89,14.53,2.49
001318,阳光乳业,10.45,10.2,2.49
002040,南京港,7.83,7.64,2.49
002307,北新路桥,3.04,2.97,2.49
600706,曲江文旅,7.07,6.9,2.49
000800,一汽解放,6.19,6.04,2.48
002626,金达威,14.15,13.81,2.48
002840,华统股份,7.92,7.73,2.48
600824,益民集团,3.47,3.39,2.48
600882,妙可蓝多,16.89,16.48,2.48
603357,设计总院,6.37,6.22,2.48
603836,海程邦达,8.35,8.15,2.48
002462,嘉事堂,11.36,11.09,2.47
002596,海南瑞泽,3.07,3,2.47
002614,奥佳华,4.64,4.53,2.47
600257,大湖股份,4.57,4.46,2.47
603358,华达科技,44.04,42.98,2.47
000633,合金投资,4.99,4.87,2.46
600993,马应龙,22.87,22.32,2.46
601065,江盐集团,7,6.83,2.46
603030,全筑股份,2.08,2.03,2.46
603071,物产环能,11.67,11.39,2.46
000869,张裕A,16.29,15.9,2.45
002261,拓维信息,29.18,28.48,2.45
002999,天禾股份,5.61,5.48,2.45
600072,中船科技,8.86,8.65,2.45
600235,民丰特纸,5.27,5.14,2.45
600609,金杯汽车,3.26,3.18,2.45
600853,龙建股份,3.18,3.1,2.45
600991,广汽长丰,17.82,17.39,2.45
601108,财通证券,9.12,8.9,2.45
601811,新华文轩,11.46,11.19,2.45
603085,天成自控,11.22,10.95,2.45
600768,宁波富邦,15.76,15.38,2.44
600785,新华百货,10.34,10.09,2.44
600104,上汽集团,10.11,9.87,2.43
000599,青岛双星,4.41,4.31,2.42
002091,江苏国泰,7.46,7.28,2.42
002692,远程股份,3.9,3.81,2.42
001278,一彬科技,16.21,15.83,2.41
002004,华邦健康,4.16,4.06,2.41
002511,中顺洁柔,6.96,6.8,2.41
002530,金财互联,7.06,6.89,2.41
600684,珠江股份,3.14,3.07,2.41
603205,健尔康,21.48,20.97,2.41
603355,莱克电气,28.6,27.93,2.41
000034,神州数码,27.97,27.31,2.4
000888,峨眉山A,9.32,9.1,2.4
002186,全聚德,8.7,8.5,2.4
600073,光明肉业,4.94,4.82,2.4
600640,国脉文化,10.15,9.91,2.4
601139,深圳燃气,5.9,5.76,2.4
605108,同庆楼,11.94,11.66,2.4
000637,茂化实华,3.68,3.59,2.39
000902,新洋丰,12.26,11.97,2.39
002732,燕塘乳业,13.01,12.71,2.39
600199,金种子酒,6.6,6.45,2.39
600512,腾达建设,1.97,1.92,2.39
600858,银座股份,4.62,4.51,2.39
603376,大明电子,25.68,25.08,2.39
603949,雪龙集团,18.05,17.63,2.39
603999,读者传媒,5.23,5.11,2.39
002120,韵达股份,6.81,6.65,2.38
002349,精华制药,6.55,6.4,2.38
600750,华润江中,23.31,22.77,2.38
600780,通宝能源,6.12,5.98,2.38
600928,西安银行,3.44,3.36,2.38
601808,中海油服,11.2,10.94,2.38
600665,天地源,3.11,3.04,2.37
000505,京粮控股,5.3,5.18,2.36
000564,供销大集,1.39,1.36,2.36
002395,双象股份,12.56,12.27,2.36
002448,中原内配,12.31,12.03,2.36
600720,中交设计,5.04,4.92,2.36
603418,友升股份,46.75,45.67,2.36
000729,燕京啤酒,10.73,10.48,2.35
002010,传化智联,4.7,4.59,2.35
002219,新里程,1.83,1.79,2.35
603076,乐惠国际,21.8,21.3,2.35
603810,丰山集团,11.68,11.41,2.35
000607,华媒控股,3.23,3.16,2.34
002543,万和电气,6.46,6.31,2.34
002769,普路通,6.83,6.67,2.34
002891,中宠股份,27.9,27.26,2.34
002991,甘源食品,41.59,40.64,2.34
002996,顺博合金,6.22,6.08,2.34
601618,中国中冶,2.54,2.48,2.34
000547,航天发展,19.39,18.95,2.33
002259,升达林业,3.96,3.87,2.33
600697,欧亚集团,10.19,9.96,2.33
603678,火炬电子,85.48,83.54,2.33
002184,海得控制,9.98,9.75,2.32
601933,永辉超市,3.09,3.02,2.32
603282,亚光股份,14.93,14.59,2.32
000501,武商集团,7.08,6.92,2.31
000525,红太阳,4.08,3.99,2.31
002141,贤丰控股,5.14,5.02,2.31
002482,广田集团,1.24,1.21,2.31
600219,南山铝业,4.17,4.08,2.31
600741,华域汽车,16.1,15.74,2.31
600803,新奥股份,16.5,16.13,2.31
600883,博闻科技,7.34,7.17,2.31
601163,三角轮胎,13.2,12.9,2.31
603683,晶华新材,30.18,29.5,2.31
000900,现代投资,3.64,3.56,2.3
002054,德美化工,7.02,6.86,2.3
002413,雷科防务,9.97,9.75,2.3
002541,鸿路钢构,18.3,17.89,2.3
003039,顺控发展,11.49,11.23,2.3
601216,君正集团,4.71,4.6,2.3
601999,出版传媒,5.77,5.64,2.3
603023,威帝股份,3.82,3.73,2.3
002315,焦点科技,24.21,23.67,2.29
002561,徐家汇,6.43,6.29,2.29
600280,中央商场,2.77,2.71,2.29
600303,曙光股份,2.59,2.53,2.29
002478,常宝股份,6.38,6.24,2.28
002950,奥美医疗,9.43,9.22,2.28
603439,三力制药,13.47,13.17,2.28
603968,醋化股份,9.68,9.46,2.28
000619,海螺新材,4.6,4.5,2.27
000812,陕西金叶,3.25,3.18,2.27
601686,友发集团,5.04,4.93,2.27
603270,金帝股份,34.3,33.54,2.27
002187,广百股份,4.89,4.78,2.26
002443,金洲管道,10.14,9.92,2.26
600742,富维股份,7.51,7.34,2.26
001316,润贝航科,33.61,32.87,2.25
002274,华昌化工,4.91,4.8,2.25
600161,天坛生物,12.18,11.91,2.25
600939,重庆建工,2.45,2.4,2.25
603105,芯能科技,7.09,6.93,2.25
000014,沙河股份,9.5,9.29,2.24
000768,中航西飞,20.99,20.53,2.24
000952,广济药业,5.76,5.63,2.24
002097,山河智能,7.48,7.32,2.24
601107,四川成渝,5.21,5.1,2.24
002408,齐翔腾达,4.95,4.84,2.23
002489,浙江永强,2.84,2.78,2.23
600249,两面针,4.67,4.57,2.23
603588,高能环境,19.8,19.37,2.23
002103,广博股份,6.16,6.03,2.22
002756,永兴材料,60.27,58.96,2.22
600435,北方导航,11.44,11.19,2.22
601086,国芳集团,6.92,6.77,2.22
601225,陕西煤业,21.54,21.07,2.22
603716,塞力医疗,14.99,14.66,2.22
605198,安德利,66.2,64.76,2.22
002216,三全食品,12.19,11.93,2.21
003002,壶化股份,18.06,17.67,2.21
600326,西藏天路,6.74,6.59,2.21
600354,敦煌种业,5,4.89,2.21
603136,天目湖,8.77,8.58,2.21
603711,香飘飘,11.75,11.5,2.21
001226,拓山重工,48.21,47.17,2.2
002878,元隆雅图,11.96,11.7,2.2
002984,森麒麟,13.63,13.34,2.2
600317,营口港,2.6,2.54,2.2
600814,杭州解百,6.41,6.27,2.2
603230,内蒙新华,9.11,8.91,2.2
603248,锡华科技,21.54,21.08,2.2
001386,马可波罗,14.74,14.42,2.19
002295,精艺股份,8.79,8.6,2.19
600128,苏豪弘业,7.95,7.78,2.19
600963,岳阳林纸,3.18,3.11,2.19
600966,博汇纸业,5.04,4.93,2.19
601009,南京银行,10.43,10.21,2.19
000813,德展健康,3.19,3.12,2.18
002228,合兴包装,3.09,3.02,2.18
002968,新大正,8.8,8.61,2.18
600502,安徽建工,4.49,4.39,2.18
600595,中孚实业,5.91,5.78,2.18
603167,渤海轮渡,9,8.81,2.18
603955,大千生态,20.14,19.71,2.18
600721,百花医药,6.96,6.81,2.17
600865,百大集团,8.58,8.4,2.17
601319,中国人保,7.25,7.1,2.17
603236,移远通信,51.8,50.7,2.17
000029,深深房A,22.68,22.2,2.16
600300,维维股份,2.93,2.87,2.16
603866,桃李面包,3.87,3.79,2.16
605122,四方新材,11.17,10.93,2.16
000498,山东路桥,4.95,4.85,2.15
000676,智度股份,5.33,5.22,2.15
000797,中国武夷,2.28,2.23,2.15
002372,伟星新材,8.55,8.37,2.15
002809,红墙股份,7.8,7.64,2.15
600308,华泰股份,3.14,3.07,2.15
002334,英威腾,7.26,7.11,2.14
600495,晋西车轴,3.62,3.54,2.14
000513,丽珠集团,30.39,29.76,2.13
002226,江南化工,4.69,4.59,2.13
002682,龙洲股份,4.42,4.33,2.13
002739,儒意电影,9.79,9.59,2.13
600472,包头铝业,51.82,50.74,2.13
600506,统一股份,14.5,14.2,2.13
600616,金枫酒业,3.94,3.86,2.13
600638,新黄浦,4.61,4.51,2.13
601512,中新集团,8.07,7.9,2.13
000713,国投丰乐,5.5,5.39,2.12
000883,湖北能源,4.52,4.43,2.12
002628,成都路桥,5.4,5.29,2.12
600629,华建集团,12.36,12.1,2.12
600805,悦达投资,4.23,4.14,2.12
603899,晨光股份,21.51,21.06,2.12
000735,罗牛山,5.04,4.94,2.11
000830,鲁西化工,12.79,12.53,2.11
600573,惠泉啤酒,9.39,9.2,2.11
600698,湖南天雁,6.11,5.98,2.11
603022,新通联,8.34,8.17,2.11
603709,中源家居,14.12,13.83,2.11
002810,山东赫达,25.52,25,2.1
600117,西宁特钢,2.14,2.1,2.1
600455,博通股份,22.86,22.39,2.1
603279,景津装备,12.47,12.21,2.1
603697,有友食品,10.23,10.02,2.1
000403,派林生物,9.29,9.1,2.09
002268,电科网安,13.55,13.27,2.09
002461,珠江啤酒,7.9,7.74,2.09
600606,绿地控股,1.27,1.24,2.09
600704,物产中大,4.89,4.79,2.09
600844,金煤科技,2.54,2.49,2.09
000009,中国宝安,6.39,6.26,2.08
002007,华兰生物,12.88,12.62,2.08
002791,坚朗五金,13.71,13.43,2.08
600006,东风股份,5.31,5.2,2.08
600276,恒瑞医药,54.45,53.34,2.08
000789,万年青,3.94,3.86,2.07
600258,首旅酒店,11.53,11.3,2.07
600377,宁沪高速,12.01,11.77,2.07
600467,好当家,2.07,2.03,2.07
601728,中国电信,5.43,5.32,2.07
605507,国邦医药,15.76,15.44,2.07
000877,天山股份,3.76,3.68,2.06
000968,蓝焰控股,6.25,6.12,2.06
002847,盐津铺子,47.28,46.32,2.06
002946,新乳业,14.64,14.34,2.06
600057,厦门象屿,5.65,5.54,2.06
601607,上海医药,16.12,15.79,2.06
000567,海德股份,6.16,6.04,2.05
000630,铜陵有色,6.47,6.34,2.05
001201,东瑞股份,11.44,11.21,2.05
002679,福建金森,8.28,8.11,2.05
002783,凯龙股份,7.47,7.32,2.05
600168,武汉控股,4.19,4.11,2.05
600483,福能股份,10.53,10.32,2.05
601018,宁波港,3.28,3.21,2.05
000726,鲁泰A,5.7,5.59,2.04
000912,泸天化,3.4,3.33,2.04
002151,北斗星通,32.45,31.8,2.04
600906,财达证券,7.79,7.63,2.04
603990,麦迪科技,21.69,21.26,2.04
002712,思美传媒,4.32,4.23,2.03
002757,南兴股份,18.6,18.23,2.03
002855,捷荣技术,9.67,9.48,2.03
601218,吉鑫科技,4.42,4.33,2.03
603100,川仪股份,18.31,17.95,2.03
603123,翠微股份,8.24,8.08,2.03
603699,纽威股份,50.97,49.95,2.03
002197,证通电子,5.97,5.85,2.02
600015,华夏银行,6.66,6.53,2.02
601279,英利汽车,3.13,3.07,2.02
603528,多伦科技,6.07,5.95,2.02
605388,均瑶健康,5.06,4.96,2.02
000017,深中华A,6.09,5.97,2.01
002646,天佑德酒,6.61,6.48,2.01
002802,洪汇新材,10.94,10.72,2.01
603619,中曼石油,19.16,18.78,2.01
000605,渤海股份,5.6,5.49,2
000701,厦门信达,4.6,4.51,2
002398,垒知集团,3.88,3.8,2
600012,皖通高速,16.31,15.99,2
600425,青松建化,3.36,3.29,2
600971,恒源煤电,7.25,7.11,2
000552,甘肃能化,2.36,2.31,1.99
000953,中哲精化,5.44,5.33,1.99
002166,莱茵生物,6.56,6.43,1.99
002282,博深股份,5.84,5.73,1.99
600539,狮头股份,16.83,16.5,1.99
002588,史丹利,8.35,8.19,1.98
002647,仁东控股,10.93,10.72,1.98
600511,国药股份,26.94,26.42,1.98
603113,金能科技,4.32,4.24,1.98
603363,傲农生物,2.88,2.82,1.98
002236,大华股份,16.8,16.48,1.97
002271,东方雨虹,12.3,12.06,1.97
600749,西藏旅游,14.07,13.8,1.97
600790,轻纺城,3.42,3.35,1.97
603210,泰鸿万立,14.01,13.74,1.97
603801,志邦家居,5.69,5.58,1.97
603997,继峰股份,12.31,12.07,1.97
000708,中信特钢,13.12,12.87,1.96
002052,同洲电子,8.34,8.18,1.96
002330,得利斯,3.65,3.58,1.96
002908,德生科技,6.65,6.52,1.96
600576,祥源文旅,6.25,6.13,1.96
601136,首创证券,14.68,14.4,1.96
000039,中集集团,8.26,8.1,1.95
000876,新希望,6.78,6.65,1.95
002003,伟星股份,8.78,8.61,1.95
002204,大连重工,5.44,5.34,1.95
002246,北化股份,19.05,18.69,1.95
002382,蓝帆医疗,5.34,5.24,1.95
002666,德联集团,4.07,3.99,1.95
600587,新华医疗,12.42,12.18,1.95
600848,上海临港,7.75,7.6,1.95
603536,惠发食品,8.17,8.01,1.95
600023,浙能电力,5.47,5.37,1.94
600159,大龙地产,2.31,2.27,1.94
600353,旭光电子,44.53,43.68,1.94
600674,川投能源,14.58,14.3,1.94
603127,昭衍新药,40.56,39.79,1.94
002320,海峡股份,6.55,6.43,1.93
000995,皇台酒业,9.99,9.8,1.92
002035,华帝股份,4.68,4.59,1.92
002332,仙琚制药,8.38,8.22,1.92
600830,香溢融通,8.18,8.03,1.92
605188,国光连锁,12.09,11.86,1.92
000025,特力A,13.9,13.64,1.91
002374,中锐股份,3.42,3.36,1.91
002451,摩恩电气,7.25,7.11,1.91
600197,伊力特,10.02,9.83,1.91
600241,时代万恒,6.74,6.61,1.91
600717,天津港,4.06,3.98,1.91
600807,济高发展,2.45,2.4,1.91
603381,永臻股份,15.77,15.47,1.91
603406,天富龙,26.82,26.32,1.91
605378,野马电池,14.29,14.02,1.91
002404,嘉欣丝绸,5.89,5.78,1.9
003023,彩虹集团,20.2,19.82,1.9
600528,中铁工业,6.86,6.73,1.9
600622,光大嘉宝,2.04,2,1.9
600626,申达股份,3.32,3.26,1.9
600917,重庆燃气,4.73,4.64,1.9
601200,上海环境,6.87,6.74,1.9
002339,积成电子,7.11,6.98,1.89
002513,蓝丰生化,4.96,4.87,1.89
003005,竞业达,13.61,13.36,1.89
003017,大洋生物,23.61,23.17,1.89
600138,中青旅,6.79,6.66,1.89
600620,天宸股份,4.1,4.02,1.89
000880,潍柴重机,23.17,22.74,1.88
002642,荣联科技,6.3,6.18,1.88
600390,五矿资本,4.78,4.69,1.88
600664,哈药股份,3.14,3.08,1.88
601061,中信金属,11.27,11.06,1.88
603176,汇通集团,4.44,4.36,1.88
603919,金徽酒,15.95,15.66,1.88
605066,天正电气,6.95,6.82,1.88
002059,云南旅游,4.36,4.28,1.87
002672,东江环保,3.48,3.42,1.87
002827,高争民爆,24.73,24.28,1.87
600033,福建高速,3.38,3.32,1.87
600692,亚通股份,5.66,5.56,1.87
603207,小方制药,23.59,23.16,1.87
002591,恒大高新,6.35,6.23,1.86
600729,重百集团,19.49,19.13,1.86
603628,清源股份,9.63,9.45,1.86
000923,河钢资源,12.89,12.66,1.85
001914,招商积余,8.49,8.34,1.85
002825,纳尔股份,8.39,8.24,1.85
601858,中国科传,17.81,17.49,1.85
605020,永和股份,44.71,43.9,1.85
001328,登康口腔,27.19,26.7,1.84
002537,海联金汇,5.53,5.43,1.84
600271,航天信息,6.76,6.64,1.84
600938,中国海油,27.69,27.19,1.84
600981,苏豪汇鸿,2.32,2.28,1.84
601949,中国出版,4.86,4.77,1.84
603879,永悦科技,4.65,4.57,1.84
605577,龙版传媒,9.19,9.02,1.84
000930,中粮科技,4.46,4.38,1.83
001391,国货航,4.23,4.15,1.83
600101,明星电力,8.23,8.08,1.83
601158,重庆水务,4.01,3.94,1.83
601226,华电科工,6.56,6.44,1.83
605180,华生科技,12.35,12.13,1.83
600828,茂业商业,3.7,3.63,1.82
600894,广日股份,7.94,7.8,1.82
601083,锦江航运,10.31,10.13,1.82
601238,广汽集团,5.25,5.16,1.82
603069,海汽集团,13.01,12.78,1.82
002092,中泰化学,4.05,3.98,1.81
002886,沃特股份,27.97,27.47,1.81
600278,东方创业,6.18,6.07,1.81
601388,怡球资源,2.92,2.87,1.81
603103,横店影视,14.97,14.7,1.81
000987,越秀资本,8.13,7.99,1.8
600359,新农开发,5.65,5.55,1.8
603488,展鹏科技,10.3,10.12,1.8
000721,西安饮食,5.68,5.58,1.79
002124,天邦食品,2.27,2.23,1.79
002605,姚记科技,18.95,18.62,1.79
002833,弘亚数控,19.02,18.69,1.79
003000,劲仔食品,10.24,10.06,1.79
000929,兰州黄河,9.05,8.89,1.78
002069,獐子岛,3.08,3.03,1.78
002108,沧州明珠,4.23,4.16,1.78
002230,科大讯飞,41.51,40.78,1.78
002500,山西证券,5.38,5.29,1.78
600153,建发股份,8.22,8.08,1.78
601022,宁波远洋,7.91,7.77,1.78
600127,金健米业,5.39,5.3,1.77
600177,雅戈尔,7.83,7.69,1.77
601088,中国神华,40.7,39.99,1.77
601098,中南传媒,10.22,10.04,1.77
002562,兄弟科技,4.51,4.43,1.76
002583,海能达,8,7.86,1.76
002839,张家港行,4.05,3.98,1.76
600056,中国医药,9.12,8.96,1.76
600649,城投控股,3.58,3.52,1.76
600955,维远股份,15.81,15.54,1.76
000019,深粮控股,5.92,5.82,1.75
000423,东阿阿胶,47.09,46.28,1.75
000965,天保基建,3.03,2.98,1.75
001373,翔腾新材,30.7,30.17,1.75
002034,旺能环境,15.5,15.23,1.75
002116,中国海诚,6.98,6.86,1.75
600025,华能水电,9.19,9.03,1.75
600572,康恩贝,4.08,4.01,1.75
601838,成都银行,18.39,18.07,1.75
002021,中捷资源,2.58,2.54,1.74
002223,鱼跃医疗,26.6,26.14,1.74
002445,中南文化,2.92,2.87,1.74
002519,银河电子,5.95,5.85,1.74
002531,天顺风能,8.52,8.37,1.74
002701,奥瑞金,4.45,4.37,1.74
600114,东睦股份,37.73,37.08,1.74
600597,光明乳业,6.33,6.22,1.74
601339,百隆东方,7.24,7.12,1.74
603166,福达股份,14.24,14,1.74
002958,青农商行,2.83,2.78,1.73
603992,松霖科技,32.77,32.21,1.73
002401,中远海科,11.92,11.72,1.72
603091,众鑫股份,50.85,49.99,1.72
002037,保利联合,6.41,6.3,1.71
002099,海翔药业,5.47,5.38,1.71
600959,江苏有线,2.98,2.93,1.71
002544,普天科技,18.38,18.07,1.7
002709,天赐材料,54.04,53.14,1.7
600639,浦东金桥,9.43,9.27,1.7
601121,宝地矿业,5.85,5.75,1.7
000692,惠天热电,4.1,4.03,1.69
002302,西部建设,4.45,4.38,1.69
002560,通达股份,7.58,7.45,1.69
002912,中新赛克,18.9,18.59,1.69
600229,城市传媒,4.8,4.72,1.69
600796,钱江生化,4.8,4.72,1.69
000913,钱江摩托,10.59,10.42,1.67
002033,丽江股份,8.51,8.37,1.67
002094,青岛金王,4.51,4.44,1.67
002352,顺丰控股,32.47,31.94,1.67
600422,昆药集团,8.27,8.13,1.67
601113,华鼎股份,3.4,3.34,1.67
000882,华联股份,1.35,1.33,1.66
002556,辉隆股份,4.65,4.57,1.66
002951,金时科技,13.71,13.49,1.66
601857,中国石油,8.97,8.82,1.65
603816,顾家家居,23.23,22.86,1.64
605177,东亚药业,17.86,17.57,1.64
002084,海鸥住工,3.62,3.56,1.63
002192,融捷股份,91.59,90.12,1.63
002390,信邦制药,2.74,2.7,1.63
600683,京投发展,11.58,11.39,1.63
600787,中储股份,4.36,4.29,1.63
000532,华金资本,11.07,10.89,1.62
600760,中航沈飞,41.63,40.97,1.62
601336,新华保险,63.52,62.51,1.62
603569,长久物流,5.53,5.44,1.62
600763,通策医疗,35.68,35.11,1.61
600970,中材国际,7.31,7.19,1.61
601800,中国交建,5.93,5.84,1.61
002370,亚太药业,5.72,5.63,1.6
601968,宝钢包装,4.06,4,1.6
000683,博源化工,6.02,5.93,1.59
000852,石化机械,5.1,5.02,1.59
600036,招商银行,36.83,36.25,1.59
600740,山西焦化,3.32,3.27,1.59
603016,新宏泰,34.46,33.92,1.59
002807,江阴银行,3.85,3.79,1.58
600196,复星医药,23.29,22.93,1.58
000617,中油资本,6.85,6.74,1.57
000665,湖北广电,3.75,3.69,1.57
000931,中关村,4.26,4.19,1.57
002163,海南发展,8.67,8.54,1.57
601789,宁波建工,4.13,4.07,1.57
603075,热威股份,22.71,22.36,1.57
603601,再升科技,12.3,12.11,1.57
000068,华控赛格,2.99,2.94,1.56
000550,江铃汽车,16.62,16.36,1.56
000707,双环科技,4.42,4.35,1.56
000905,厦门港务,8.09,7.97,1.56
002707,众信旅游,4.95,4.87,1.56
600017,日照港,2.6,2.56,1.56
600178,东安动力,10.02,9.87,1.56
603170,宝立食品,11.82,11.64,1.56
000927,中国铁物,2.36,2.32,1.55
002893,京能热力,9.58,9.43,1.55
600668,尖峰集团,7.58,7.46,1.55
601599,浙文影业,2.88,2.84,1.55
603201,常润股份,14.18,13.96,1.55
603402,陕西旅游,61.35,60.41,1.55
603602,纵横通信,11.3,11.13,1.55
002627,三峡旅游,5.92,5.83,1.54
600284,浦东建设,5.02,4.94,1.54
600418,江淮汽车,26.19,25.79,1.54
000737,北方铜业,13.55,13.35,1.53
002062,宏润建设,7.56,7.45,1.53
002961,瑞达期货,20.29,19.98,1.53
600008,首创环保,2.79,2.75,1.53
600399,抚顺特钢,4.24,4.18,1.53
603858,步长制药,15.3,15.07,1.53
605369,拱东医疗,18.6,18.32,1.53
002357,富临运业,9.11,8.97,1.52
603918,金桥信息,9.76,9.61,1.52
002093,国脉科技,6.46,6.36,1.51
601188,龙江交通,2.83,2.79,1.51
600125,铁龙物流,5.27,5.19,1.5
600319,亚星化学,6.48,6.38,1.5
600756,浪潮软件,12.58,12.39,1.5
600864,哈投股份,5.4,5.32,1.5
601668,中国建筑,4.48,4.41,1.5
603883,老百姓,11.47,11.3,1.5
000409,云鼎科技,8.45,8.33,1.49
000679,大连友谊,6.25,6.16,1.49
002777,久远银海,12.36,12.18,1.49
002929,润建股份,68.99,67.98,1.49
600583,海油工程,5.16,5.08,1.49
600838,上海九百,7.37,7.26,1.49
603712,七一二,12.97,12.78,1.49
603719,良品铺子,9.01,8.88,1.49
002481,双塔食品,3.97,3.91,1.48
002603,以岭药业,15.62,15.39,1.48
002918,蒙娜丽莎,10.29,10.14,1.48
600211,西藏药业,38.78,38.21,1.48
000157,中联重科,7.17,7.07,1.47
001217,华尔泰,9,8.87,1.47
002379,宏桥控股,15.07,14.85,1.47
002799,环球印务,6.23,6.14,1.47
600655,豫园股份,4.28,4.22,1.47
601026,道生天合,14.91,14.69,1.47
603323,苏农银行,4.01,3.95,1.47
000997,新大陆,16.55,16.31,1.46
002206,海利得,5.43,5.35,1.46
002221,东华能源,5.41,5.33,1.46
600477,杭萧钢构,2.37,2.34,1.46
000425,徐工机械,8.42,8.3,1.45
000796,凯撒旅业,3.91,3.85,1.45
000886,海南高速,4.2,4.14,1.45
002344,海宁皮城,3.63,3.58,1.45
600151,航天机电,11.3,11.14,1.45
600232,金鹰股份,6.45,6.36,1.45
603477,巨星农牧,15.21,14.99,1.45
603995,甬金股份,23.74,23.4,1.45
000002,万科A,3.09,3.05,1.44
002649,博彦科技,8.29,8.17,1.44
002800,天顺股份,13.51,13.32,1.44
600059,古越龙山,7.6,7.49,1.44
600567,山鹰国际,1.41,1.39,1.44
600577,精达股份,9.69,9.55,1.44
603300,海南华铁,4.66,4.59,1.44
002014,永新股份,11.07,10.91,1.43
002987,京北方,9.96,9.82,1.43
600315,上海家化,17.45,17.2,1.43
600628,新世界,5.82,5.74,1.43
600682,南京新百,5.4,5.32,1.43
600926,杭州银行,15,14.79,1.43
603507,振江股份,33.5,33.03,1.43
000688,国城矿业,35.81,35.31,1.42
600662,外服控股,4.14,4.08,1.42
600693,东百集团,8.17,8.06,1.42
601996,丰林集团,2.15,2.12,1.42
603007,顺景科技,6,5.92,1.42
603393,新天然气,22.61,22.29,1.42
001203,大中矿业,31.56,31.12,1.41
001313,粤海饲料,7.77,7.66,1.41
002096,易普力,9.08,8.95,1.41
600416,湘电股份,9.95,9.81,1.41
601212,白银有色,5.18,5.11,1.41
605128,上海沿浦,24.28,23.94,1.41
001979,招商蛇口,6.65,6.56,1.4
002176,江特电机,10.17,10.03,1.4
002385,大北农,2.9,2.86,1.4
002457,青龙管业,12.79,12.61,1.4
603708,家家悦,8.96,8.84,1.4
002160,常铝股份,3.79,3.74,1.39
002749,国光股份,8.16,8.05,1.39
002899,英派斯,23.07,22.75,1.39
600248,陕建股份,2.77,2.73,1.39
601096,宏盛华源,4.39,4.33,1.39
000718,苏宁环球,1.76,1.74,1.38
001286,陕西能源,10.57,10.43,1.38
600004,白云机场,7.51,7.41,1.38
600850,电科数字,14.96,14.76,1.38
600880,博瑞传播,3.82,3.77,1.38
603188,亚邦股份,4.11,4.05,1.38
002170,芭田股份,11.24,11.09,1.37
002674,兴业科技,29.03,28.64,1.37
000530,冰山冷热,5.36,5.29,1.36
002030,达安基因,5.22,5.15,1.36
002239,奥特佳,2.53,2.5,1.36
600098,广州发展,6.1,6.02,1.36
600426,华鲁恒升,24.88,24.55,1.36
600843,上工申贝,8.78,8.66,1.36
601326,秦港股份,3.27,3.23,1.36
603886,元祖股份,13.11,12.93,1.36
000058,深赛格,6.29,6.21,1.35
000156,华数传媒,6.48,6.39,1.35
002190,成飞集成,24.21,23.89,1.35
002419,天虹股份,4.37,4.31,1.35
002439,启明星辰,12.96,12.79,1.35
002508,老板电器,15.22,15.02,1.35
002758,浙农股份,8.09,7.98,1.35
601015,陕西黑猫,3.01,2.97,1.35
605005,合兴股份,15.95,15.74,1.35
001213,中铁特货,3.47,3.42,1.34
001396,誉帆科技,36.13,35.65,1.34
600251,冠农股份,8.92,8.8,1.34
600782,新钢股份,2.57,2.54,1.34
603199,九华旅游,32.07,31.65,1.34
000020,深华发A,11.16,11.01,1.33
600064,南京高科,7.34,7.24,1.33
601828,美凯龙,2.13,2.1,1.33
601866,中远海发,2.29,2.26,1.33
603177,德创环保,8.38,8.27,1.33
001233,海安集团,46.16,45.56,1.32
002243,力合科创,6.77,6.68,1.32
002702,海欣食品,4.61,4.55,1.32
600283,钱江水利,8.16,8.05,1.32
601788,光大证券,14.94,14.75,1.32
603122,合富中国,11.48,11.33,1.32
000895,双汇发展,23.3,23,1.31
002178,延华智能,4.48,4.42,1.31
002442,龙星科技,5.27,5.2,1.31
600653,申华控股,1.55,1.53,1.31
601798,蓝科高新,7.4,7.3,1.31
000572,海马汽车,3.89,3.84,1.3
000655,金岭矿业,6.54,6.46,1.3
002001,新和成,30,29.61,1.3
002326,永太科技,25.81,25.48,1.3
600320,振华重工,4.22,4.17,1.3
600323,瀚蓝环境,28.31,27.95,1.3
600540,新赛股份,3.44,3.4,1.3
600859,王府井,9.48,9.36,1.3
601827,三峰环境,7.49,7.39,1.3
603703,盛洋科技,11.05,10.91,1.3
000062,深圳华强,31.18,30.78,1.29
000651,格力电器,38.33,37.84,1.29
002597,金禾实业,20.6,20.34,1.29
600527,江南高纤,2.2,2.17,1.29
605196,华通线缆,26.5,26.16,1.29
002469,三维化学,5.86,5.79,1.28
002660,茂硕电源,6.66,6.58,1.28
600088,中视传媒,11.27,11.13,1.28
601077,渝农商行,6.33,6.25,1.28
605133,嵘泰股份,38.86,38.37,1.28
600654,中安科,2.72,2.69,1.27
603218,日月股份,10.34,10.21,1.27
603950,长源东谷,83.72,82.67,1.27
605077,华康股份,11.15,11.01,1.27
002714,牧原股份,36.9,36.44,1.26
601127,赛力斯,61.84,61.07,1.26
001258,立新能源,7.1,7.01,1.25
600395,盘江股份,4.7,4.64,1.25
600874,创业环保,5.51,5.44,1.25
601228,广州港,2.91,2.87,1.25
000935,四川双马,26.35,26.03,1.24
002041,登海种业,8.14,8.04,1.24
002066,瑞泰科技,21.03,20.77,1.24
002474,榕基软件,5.86,5.79,1.24
002673,西部证券,6.7,6.62,1.24
600851,海欣股份,9.15,9.04,1.24
600861,北京人力,12.6,12.45,1.24
603208,江山欧派,11.14,11,1.24
002410,广联达,8.38,8.28,1.23
600111,北方稀土,48.57,47.98,1.23
600746,江苏索普,5.44,5.37,1.23
601952,苏垦农发,7.75,7.66,1.23
603856,东宏股份,13.81,13.64,1.23
000523,红棉股份,2.65,2.62,1.22
002161,远望谷,5.62,5.55,1.22
002369,卓翼科技,5.49,5.42,1.22
002516,旷达科技,5.64,5.57,1.22
601818,光大银行,2.98,2.94,1.22
603000,人民网,15.32,15.14,1.22
001312,福恩股份,19.44,19.21,1.21
002567,唐人神,3.51,3.47,1.21
002736,国信证券,10.35,10.23,1.21
600267,海正药业,10.53,10.4,1.21
601700,风范股份,4.53,4.48,1.21
601766,中国中车,5.36,5.3,1.21
000166,申万宏源,4.56,4.51,1.2
000333,美的集团,77.96,77.03,1.2
000563,陕国投A,2.86,2.83,1.2
000862,银星能源,4.91,4.85,1.2
002858,力盛体育,11.11,10.98,1.2
600266,城建发展,4.06,4.01,1.2
600383,金地集团,2.19,2.16,1.2
600930,华电新能,4.9,4.84,1.2
000731,四川美丰,5.28,5.22,1.19
000897,津滨发展,1.7,1.68,1.19
002675,东诚药业,12.92,12.77,1.19
003038,鑫铂股份,11.38,11.25,1.19
600529,山东药玻,18.66,18.44,1.19
601007,金陵饭店,6.31,6.24,1.19
601186,中国铁建,6.12,6.05,1.19
000785,居然智家,2.05,2.03,1.18
002314,南山控股,2.06,2.04,1.18
002416,爱施德,9.09,8.98,1.18
002507,涪陵榨菜,11.17,11.04,1.18
600312,平高电气,17.69,17.48,1.18
603529,爱玛科技,20.01,19.78,1.18
000429,粤高速A,13.89,13.73,1.17
002152,广电运通,9.51,9.4,1.17
002238,天威视讯,5.54,5.48,1.17
002273,水晶光电,36.98,36.55,1.17
002555,三七互娱,19.41,19.19,1.17
600010,包钢股份,2.25,2.22,1.17
600108,亚盛集团,3.12,3.08,1.17
600820,隧道股份,5.34,5.28,1.17
601169,北京银行,5.03,4.97,1.17
601921,浙版传媒,6.9,6.82,1.17
000538,云南白药,48.86,48.3,1.16
000543,皖能电力,7.82,7.73,1.16
003040,楚天龙,10.8,10.68,1.16
600927,永安期货,12.87,12.72,1.16
601330,绿色动力,7.15,7.07,1.16
601633,长城汽车,15.37,15.19,1.16
603316,诚邦股份,21.44,21.19,1.16
603395,红四方,20.82,20.58,1.16
603607,京华激光,25.14,24.85,1.16
000037,深南电A,9.01,8.91,1.15
001300,三柏硕,11.59,11.46,1.15
002358,森源电气,5.62,5.56,1.15
603679,华体科技,20.43,20.2,1.15
000715,中兴商业,4.78,4.73,1.14
002251,步步高,3.54,3.5,1.14
002728,特一药业,9.37,9.26,1.14
002978,安宁股份,26.68,26.38,1.14
600189,泉阳泉,7.79,7.7,1.14
601816,京沪高铁,4.63,4.58,1.14
000722,湖南发展,11.85,11.72,1.13
002641,公元股份,3.95,3.91,1.13
600571,信雅达,10.01,9.9,1.13
601229,上海银行,8.92,8.82,1.13
603072,天和磁材,40.05,39.6,1.13
000420,吉林化纤,4.15,4.1,1.12
002774,快意电梯,14.39,14.23,1.12
600292,电投水电,12.48,12.34,1.12
000012,南玻A,5.1,5.04,1.11
000926,福星股份,2.01,1.99,1.11
600035,楚天高速,3.45,3.41,1.11
600155,华创云信,5.67,5.61,1.11
600469,风神股份,5.46,5.4,1.11
603262,技源集团,25.84,25.56,1.11
603312,西典新能,34.38,34,1.11
002057,中钢天源,12.53,12.39,1.1
002367,康力电梯,7.01,6.93,1.1
000712,锦龙股份,9.05,8.95,1.09
000993,闽东电力,10.16,10.05,1.09
002930,宏川智慧,9.82,9.71,1.09
600623,华谊集团,8.52,8.43,1.09
600775,南京熊猫,9.66,9.56,1.09
601128,常熟银行,5.96,5.9,1.09
000573,粤宏远A,3.57,3.53,1.08
000623,吉林敖东,18.48,18.28,1.08
002277,友阿股份,6.35,6.28,1.08
002797,第一创业,6.74,6.67,1.08
600558,大西洋,5.06,5.01,1.08
600679,上海凤凰,9.2,9.1,1.08
603299,苏盐井神,9.02,8.92,1.08
003029,吉大正元,16.26,16.09,1.07
600132,重庆啤酒,42.44,41.99,1.07
000885,城发环境,12.4,12.27,1.06
601860,紫金银行,2.49,2.46,1.06
001216,华瓷股份,14.63,14.48,1.05
003010,若羽臣,24.72,24.46,1.05
600060,海信视像,27.52,27.23,1.05
600611,大众交通,3.86,3.82,1.05
601003,柳钢股份,3.47,3.43,1.05
601616,广电电气,3.47,3.43,1.05
603288,海天味业,34.01,33.66,1.05
603383,顶点软件,27.54,27.25,1.05
000011,深物业A,6.63,6.56,1.04
002948,青岛银行,5.27,5.22,1.04
600018,上港集团,4.86,4.81,1.04
600533,栖霞建设,1.95,1.93,1.04
600908,无锡银行,5.24,5.19,1.04
601222,林洋能源,5.46,5.4,1.04
000860,顺鑫农业,10.17,10.07,1.03
600298,安琪酵母,37.12,36.74,1.03
000695,滨海能源,12.66,12.53,1.02
002140,东华科技,9.29,9.2,1.02
002662,峰璟股份,3.75,3.71,1.02
600116,三峡水利,5.72,5.66,1.02
600369,西南证券,4.15,4.11,1.02
600857,宁波中百,21.3,21.08,1.02
601699,潞安环能,14.68,14.53,1.02
601992,金隅集团,1.39,1.38,1.02
000620,盈新发展,3.6,3.56,1.01
000818,航锦科技,14.58,14.43,1.01
000980,众泰汽车,2.01,1.99,1.01
000828,东莞控股,9.68,9.58,1
000878,云南铜业,16.17,16.01,1
002534,西子洁能,17.8,17.62,1
601166,兴业银行,17.01,16.84,1
000652,泰达股份,3.46,3.43,0.99
000803,山高环能,6.94,6.87,0.99
002011,盾安环境,10.77,10.66,0.99
002045,国光电器,7.99,7.91,0.99
600604,市北高新,4.1,4.06,0.99
600792,云煤能源,3.27,3.24,0.99
600797,浙大网新,6.5,6.44,0.99
603092,德力佳,54.34,53.81,0.99
603400,华之杰,54.54,54.01,0.99
000756,新华制药,14.49,14.35,0.98
002846,英联股份,10.77,10.67,0.98
601155,新城控股,10.48,10.38,0.98
603605,珀莱雅,59.91,59.33,0.98
600900,长江电力,27.05,26.79,0.97
603308,应流股份,60.78,60.19,0.97
603499,翔港科技,13.88,13.75,0.97
000099,中信海直,14.72,14.58,0.96
000517,荣安地产,1.69,1.67,0.96
000998,隆平高科,7.75,7.68,0.96
001360,南矿集团,18,17.83,0.96
002607,中公教育,1.9,1.88,0.96
002936,郑州银行,1.69,1.67,0.96
600120,浙江东方,4.41,4.37,0.96
002127,南极电商,2.76,2.73,0.95
002608,江苏国信,7.04,6.97,0.95
600022,山东钢铁,1.27,1.26,0.95
600675,中华企业,2.12,2.1,0.95
600751,海航科技,2.96,2.93,0.95
601006,大秦铁路,4.69,4.65,0.95
603227,雪峰科技,7.19,7.12,0.95
002570,贝因美,4.08,4.04,0.94
600113,浙江东日,34.4,34.08,0.94
600313,农发种业,5.37,5.32,0.94
600325,华发股份,2.36,2.34,0.94
600600,青岛啤酒,53.38,52.88,0.94
600368,五洲交通,3.47,3.44,0.93
000088,盐田港,4.15,4.11,0.92
000761,本钢板材,2.2,2.18,0.92
002036,联创电子,7.42,7.35,0.92
002355,兴民智通,4.39,4.35,0.92
002362,汉王科技,15.55,15.41,0.92
600658,电子城,3.96,3.92,0.92
601518,吉林高速,2.85,2.82,0.92
000516,国际医学,4,3.96,0.91
002606,大连电瓷,13.48,13.36,0.91
600868,梅雁吉祥,2.65,2.63,0.91
000063,中兴通讯,36.38,36.05,0.9
002063,远光软件,5.16,5.11,0.9
002338,奥普光电,56.7,56.19,0.9
600230,沧州大化,13.67,13.55,0.9
600887,伊利股份,24.6,24.38,0.9
601028,玉龙股份,12.83,12.72,0.9
601390,中国中铁,4.28,4.24,0.9
000802,北京文化,3.61,3.58,0.89
001308,康冠科技,20.95,20.77,0.89
601528,瑞丰银行,4.53,4.49,0.89
601916,浙商银行,2.72,2.7,0.89
605168,三人行,51.19,50.74,0.89
002455,百川股份,7.56,7.49,0.88
603878,武进不锈,5.25,5.2,0.88
000602,金马集团,13.41,13.29,0.87
002340,格林美,6.69,6.63,0.87
002966,苏州银行,7.15,7.09,0.87
600019,宝钢股份,5.59,5.54,0.87
600593,大连圣亚,36.78,36.46,0.87
600755,厦门国贸,5.57,5.52,0.87
600871,石化油服,2.08,2.06,0.87
600982,宁波能源,4.88,4.84,0.87
601099,太平洋,3.47,3.44,0.87
000560,我爱我家,2.12,2.1,0.86
001322,箭牌家居,6.31,6.26,0.86
002405,四维图新,6.56,6.5,0.86
002060,广东建工,3.09,3.06,0.85
600897,厦门空港,14.9,14.77,0.85
603062,麦加芯彩,40.96,40.62,0.85
000001,平安银行,10.29,10.2,0.84
001965,招商公路,9.35,9.27,0.84
600273,嘉化能源,6.7,6.64,0.84
601236,红塔证券,6.99,6.93,0.84
601555,东吴证券,8.15,8.08,0.84
603232,格尔软件,14.91,14.79,0.84
000719,中原传媒,11.36,11.27,0.83
002969,嘉美包装,14.06,13.94,0.83
600054,黄山旅游,10.99,10.9,0.83
600621,华鑫股份,13.21,13.1,0.82
601068,中铝国际,4.4,4.36,0.82
603345,安井食品,81.2,80.54,0.82
603565,中谷物流,10.29,10.21,0.82
000709,河钢股份,1.99,1.97,0.81
603881,数据港,25.21,25.01,0.81
000507,珠海港,4.78,4.74,0.8
002350,北京科锐,13.6,13.49,0.8
002909,集泰股份,5.03,4.99,0.8
600486,扬农化工,51.81,51.4,0.8
600551,时代出版,6.78,6.73,0.8
600919,江苏银行,11.15,11.06,0.8
601898,中煤能源,12.67,12.57,0.8
001227,兰州银行,2.04,2.02,0.79
600691,潞化科技,2.3,2.28,0.79
600808,马钢股份,2.54,2.52,0.79
601878,浙商证券,9.75,9.67,0.79
605338,巴比食品,18.12,17.98,0.79
600479,千金药业,9.61,9.54,0.78
605296,神农集团,29.1,28.88,0.78
000899,赣能股份,9.96,9.88,0.77
002300,太阳电缆,6.83,6.78,0.77
600210,紫江企业,6.29,6.24,0.77
600559,老白干酒,11.48,11.39,0.77
002058,威尔泰,20.38,20.23,0.76
601900,南方传媒,11.14,11.06,0.76
603599,广信股份,9.86,9.79,0.76
000809,和展能源,3.22,3.2,0.75
001215,千味央厨,37.46,37.18,0.75
002678,珠江钢琴,4.32,4.29,0.75
600328,中盐化工,6.18,6.13,0.75
600690,海尔智家,20.58,20.43,0.75
601519,大智慧,8.87,8.8,0.75
601568,北元化工,3.49,3.46,0.75
601601,中国太保,29.65,29.43,0.75
603897,长城科技,34.32,34.06,0.75
002016,世荣兆业,4.09,4.06,0.74
002027,分众传媒,4.9,4.86,0.74
002078,太阳纸业,12.58,12.49,0.74
002291,遥望科技,4.9,4.86,0.74
600301,华锡有色,61.89,61.43,0.74
600918,中泰证券,5.46,5.42,0.74
000544,中原环保,7.15,7.1,0.73
000686,东北证券,8.61,8.55,0.73
000807,云铝股份,22.42,22.26,0.73
002130,沃尔核材,18.28,18.15,0.73
600282,南钢股份,4.7,4.67,0.73
601588,北辰实业,1.65,1.64,0.73
601877,正泰电器,25.18,25,0.73
002095,生意宝,13.11,13.02,0.72
002132,恒星科技,5.56,5.52,0.72
600121,郑州煤电,3.66,3.63,0.72
600515,海南机场,2.79,2.77,0.72
601059,信达证券,16.55,16.43,0.72
605339,南侨食品,12.3,12.21,0.72
000061,农产品,5.66,5.62,0.71
000936,华西股份,5.36,5.32,0.71
002778,中晟高科,15.64,15.53,0.71
600076,康欣新材,3.42,3.4,0.71
600718,东软集团,7.34,7.29,0.71
600754,锦江酒店,18.44,18.31,0.71
002318,久立特材,23.85,23.68,0.7
600739,辽宁成大,10.35,10.28,0.7
600798,宁波海运,3.16,3.14,0.7
600875,东方电气,28.89,28.69,0.7
603868,飞科电器,30.87,30.65,0.7
002042,华孚时尚,3.51,3.49,0.69
002415,海康威视,34,33.77,0.69
002963,豪尔赛,21.1,20.96,0.69
601990,南京证券,6.73,6.68,0.69
000932,华菱钢铁,3.54,3.52,0.68
002100,天康生物,6.48,6.44,0.68
600270,外运发展,20.99,20.85,0.68
600305,恒顺醋业,6.52,6.48,0.68
600517,国网英大,4.78,4.75,0.67
601106,中国一重,3.3,3.28,0.67
601702,华峰铝业,14.22,14.13,0.67
600827,百联股份,7.61,7.56,0.66
601137,博威合金,22.68,22.53,0.66
601198,东兴证券,13.78,13.69,0.66
603093,南华期货,18.7,18.58,0.66
603099,长白山,35.76,35.52,0.66
000090,天健集团,3.09,3.07,0.65
000586,汇源通信,13.27,13.18,0.65
002119,康强电子,39.04,38.79,0.65
002926,华西证券,8.38,8.33,0.65
600743,华远控股,2.18,2.17,0.65
600979,广安爱众,4.02,3.99,0.65
000612,焦作万方,10.75,10.68,0.64
000625,长安汽车,7.24,7.19,0.64
002986,宇新股份,12.18,12.1,0.64
600020,中原高速,3.76,3.74,0.64
600478,科力远,5.07,5.04,0.64
600633,浙数文化,10.34,10.27,0.64
600905,三峡能源,3.77,3.75,0.64
601318,中国平安,49.09,48.78,0.64
605299,舒华体育,13.56,13.47,0.64
600268,国电南自,11.73,11.66,0.63
600643,爱建集团,3.86,3.84,0.63
601199,江南水务,5.76,5.72,0.63
603339,四方科技,14.31,14.22,0.63
000661,长春高新,68.96,68.54,0.62
600095,湘财股份,7.79,7.74,0.62
601033,永兴股份,13.73,13.65,0.62
000966,长源电力,3.99,3.97,0.61
002180,奔图科技,16.37,16.27,0.61
600208,衢州发展,2.96,2.94,0.61
600642,申能股份,8.96,8.91,0.61
002112,三变科技,16.43,16.33,0.6
600657,信达地产,2.36,2.35,0.6
603213,镇洋发展,14.12,14.04,0.6
002279,久其软件,5.81,5.78,0.59
600050,中国联通,4.07,4.05,0.59
601777,千里科技,8.15,8.1,0.59
601928,凤凰传媒,8.91,8.86,0.59
603421,鼎信通讯,6.14,6.1,0.59
003006,百亚股份,14.92,14.83,0.58
600339,中油工程,3.13,3.11,0.58
600588,用友网络,9.31,9.26,0.58
601688,华泰证券,21.19,21.07,0.58
600185,珠免集团,4.58,4.55,0.57
600536,中国软件,28.39,28.23,0.57
601880,辽港股份,1.4,1.39,0.57
603031,安孚科技,52.82,52.52,0.57
603217,元利科技,22.8,22.67,0.57
600016,民生银行,3.28,3.26,0.55
601377,兴业证券,6.17,6.14,0.55
601669,中国电建,4.78,4.75,0.55
002865,钧达股份,58.99,58.68,0.54
600429,三元股份,4.12,4.1,0.54
601116,三江购物,10.06,10.01,0.54
601375,中原证券,4.07,4.05,0.54
000750,国海证券,3.78,3.76,0.53
002640,跨境通,3.06,3.04,0.53
603396,金辰股份,26.61,26.47,0.53
603737,三棵树,24.61,24.48,0.53
603927,中科软,12.86,12.79,0.53
000551,创元科技,20.5,20.39,0.52
000948,南天信息,12.04,11.98,0.52
600075,新疆天业,4.25,4.23,0.52
600103,青山纸业,3.09,3.07,0.52
600660,福耀玻璃,50.93,50.67,0.52
600705,中航产融,3.47,3.45,0.52
600727,鲁北化工,6.97,6.93,0.52
600881,亚泰集团,1.55,1.54,0.52
605319,无锡振华,22.68,22.56,0.52
002182,宝武镁业,15.28,15.2,0.51
002364,中恒电气,52.9,52.64,0.5
600135,乐凯胶片,8,7.96,0.5
000635,英力特,6.19,6.16,0.49
000822,山东海化,4.12,4.1,0.49
603776,永安行,21.36,21.26,0.49
002945,华林证券,13.71,13.64,0.48
603033,三维股份,9.95,9.9,0.48
603636,南威软件,8,7.96,0.48
002324,普利特,12.04,11.98,0.47
600176,中国巨石,70.9,70.57,0.47
600663,陆家嘴,6.4,6.37,0.47
000831,中国稀土,54.45,54.2,0.46
601600,中国铝业,8.33,8.29,0.46
603060,国检集团,5.69,5.66,0.46
000428,华天酒店,3.11,3.1,0.45
600667,太极实业,29.96,29.83,0.45
600446,金证股份,10.46,10.41,0.44
600722,金牛化工,8.31,8.27,0.44
601929,吉视传媒,2.27,2.26,0.44
000537,绿发电力,7.44,7.41,0.43
002632,道明光学,8.93,8.89,0.43
002939,长城证券,8.48,8.44,0.43
600840,新湖创业,23.8,23.7,0.43
603928,兴业股份,14.7,14.64,0.42
600037,歌华有线,6.33,6.3,0.41
000404,长虹华意,8.13,8.1,0.4
001390,古麒绒材,20.24,20.16,0.4
002195,岩山科技,6.53,6.5,0.4
600651,飞乐音响,5.57,5.55,0.4
601233,桐昆股份,22.84,22.75,0.4
601456,国联民生,9.02,8.98,0.4
600361,创新新材,3.64,3.63,0.39
000430,张家界,7.41,7.38,0.38
002578,闽发铝业,3.17,3.16,0.38
600389,江山股份,19.67,19.6,0.38
600602,云赛智联,16.01,15.95,0.38
600728,佳都科技,4.28,4.26,0.38
600607,上实医药,23.52,23.43,0.37
601117,中国化学,7.55,7.52,0.37
601360,三六零,8.71,8.68,0.37
000069,华侨城A,1.67,1.66,0.36
600170,上海建工,2.24,2.23,0.36
600569,安阳钢铁,1.69,1.68,0.36
600585,海螺水泥,17.14,17.08,0.36
603200,上海洗霸,42.73,42.58,0.36
603258,电魂网络,12.14,12.1,0.36
000598,兴蓉环境,6.54,6.52,0.34
600030,中信证券,28.95,28.85,0.34
600795,国电电力,4.72,4.7,0.34
603106,恒银科技,7.17,7.15,0.34
002311,海大集团,45.39,45.24,0.33
600192,长城电工,6.61,6.59,0.33
600676,交运股份,6.75,6.73,0.33
600941,中国移动,87.48,87.19,0.33
000778,新兴铸管,3.74,3.73,0.32
600032,浙江新能,7.11,7.09,0.31
600999,招商证券,21.82,21.75,0.31
601997,贵阳银行,5.22,5.2,0.31
600106,重庆路桥,4.61,4.6,0.3
601011,宝泰隆,2.69,2.68,0.3
601901,方正证券,7.32,7.3,0.3
603130,云中马,40.32,40.2,0.3
600362,江西铜业,43.28,43.15,0.29
600507,方大特钢,4.12,4.11,0.29
600867,通化东宝,8.23,8.21,0.29
603912,佳力图,7.7,7.68,0.29
000928,中钢国际,5.04,5.03,0.28
001314,亿道信息,59.4,59.23,0.28
601328,交通银行,6.51,6.49,0.28
603700,宁水集团,11.51,11.48,0.28
600373,中文传媒,6.73,6.71,0.27
600538,国发股份,5.99,5.97,0.27
603568,伟明环保,15.68,15.64,0.27
000783,长江证券,9.98,9.95,0.26
002142,宁波银行,30.29,30.21,0.26
600715,文投控股,1.54,1.54,0.26
000008,神州高铁,2.37,2.36,0.25
000503,国新健康,6.32,6.3,0.25
000626,远大控股,6.43,6.41,0.25
002565,顺灏股份,12.61,12.58,0.25
600816,建元信托,2.48,2.47,0.24
000685,中山公用,11.35,11.32,0.23
002088,鲁阳节能,7.99,7.97,0.23
002174,游族网络,12.33,12.3,0.23
002303,美盈森,4.3,4.29,0.23
000027,深圳能源,6.27,6.26,0.22
002309,中利集团,2.77,2.76,0.22
002857,三晖电气,17.2,17.16,0.22
600505,西昌电力,11.01,10.99,0.22
600590,泰豪科技,9.95,9.93,0.22
600776,东方通信,12.98,12.95,0.22
000898,鞍钢股份,1.89,1.89,0.21
600085,同仁堂,23.36,23.31,0.21
002785,万里石,44.23,44.14,0.2
600021,上海电力,14.95,14.92,0.2
600531,豫光金铅,15.24,15.21,0.2
002373,千方科技,7.2,7.19,0.19
002554,惠博普,3.09,3.08,0.19
002241,歌尔股份,22.05,22.01,0.18
600027,华电国际,4.54,4.53,0.18
600131,国网信通,14.56,14.53,0.18
603212,赛伍技术,12.43,12.41,0.18
002229,鸿博股份,10.38,10.36,0.17
002818,富森美,10.55,10.53,0.17
601005,重庆钢铁,1.17,1.17,0.17
601998,中信银行,6.99,6.98,0.17
603721,中广天择,17.61,17.58,0.17
000546,金圆股份,4.91,4.9,0.16
002476,新叶股份,4.86,4.85,0.16
600000,浦发银行,8.69,8.68,0.16
600109,国金证券,8.91,8.9,0.16
600713,南京医药,5.1,5.09,0.16
600733,北汽蓝谷,4.87,4.86,0.16
000618,吉林化工,5.24,5.23,0.15
603701,德宏股份,22.31,22.28,0.15
002903,宇环数控,43.28,43.22,0.14
600288,大恒科技,12.85,12.83,0.14
001289,龙源电力,15.77,15.75,0.13
603956,威派格,6.2,6.19,0.13
000055,方大集团,3.37,3.37,0.12
000825,太钢不锈,3.46,3.46,0.12
002075,沙钢股份,3.45,3.45,0.12
002762,金发拉比,8.61,8.6,0.12
600382,广东明珠,6.68,6.67,0.12
600886,国投电力,13.42,13.4,0.12
601399,国机重装,3.47,3.47,0.12
000533,顺钠股份,9.46,9.45,0.11
000959,首钢股份,3.56,3.56,0.11
002748,世龙实业,10.76,10.75,0.11
601000,唐山港,4.21,4.21,0.1
601886,江河集团,8.06,8.05,0.1
000881,中广核技,6.43,6.42,0.09
600158,中体产业,6.8,6.79,0.09
000402,金融街,2.46,2.46,0.08
000829,天音控股,7.58,7.57,0.08
600163,中闽能源,5.13,5.13,0.08
600172,黄河旋风,16.86,16.85,0.07
603222,济民健康,8.16,8.15,0.07
000925,众合科技,9.76,9.75,0.06
002521,齐峰新材,7.25,7.25,0.06
600100,同方股份,6.79,6.79,0.06
603656,泰禾智能,17.47,17.46,0.05
001205,盛航股份,13.81,13.8,0.04
600956,新天绿能,7.02,7.02,0.03
000600,建投能源,9.01,9.01,0.02
002952,亚世光电,21.8,21.8,0.02
600958,东方证券,9.56,9.56,0.02
002970,锐明技术,54.25,54.24,0.01
003041,真爱美家,44.3,44.29,0.01
603727,博迈科,16.97,16.97,0.01
600221,海航控股,1.37,1.37,0
605099,共创草坪,32.52,32.52,0